Season,Div,Date,Time,HomeTeam,AwayTeam
2026/27,D1,28/08/2026,18:30,FC Bayern München,VfB Stuttgart
2026/27,D1,29/08/2026,13:30,SV Elversberg,Bayer 04 Leverkusen
2026/27,D1,29/08/2026,13:30,1. FC Köln,TSG Hoffenheim
2026/27,D1,29/08/2026,13:30,1. FC Union Berlin,Eintracht Frankfurt
2026/27,D1,29/08/2026,13:30,1. FSV Mainz 05,SC Paderborn 07
2026/27,D1,29/08/2026,13:30,RB Leipzig,Borussia Mönchengladbach
2026/27,D1,29/08/2026,16:30,Borussia Dortmund,Hamburger SV
2026/27,D1,30/08/2026,13:30,Sport-Club Freiburg,SV Werder Bremen
2026/27,D1,30/08/2026,15:30,FC Augsburg,FC Schalke 04
2026/27,D1,04/09/2026,18:30,VfB Stuttgart,1. FC Köln
2026/27,D1,05/09/2026,13:30,SC Paderborn 07,Sport-Club Freiburg
2026/27,D1,05/09/2026,13:30,SV Werder Bremen,RB Leipzig
2026/27,D1,05/09/2026,13:30,Borussia Mönchengladbach,SV Elversberg
2026/27,D1,05/09/2026,13:30,Bayer 04 Leverkusen,1. FC Union Berlin
2026/27,D1,05/09/2026,13:30,TSG Hoffenheim,Borussia Dortmund
2026/27,D1,05/09/2026,16:30,FC Schalke 04,FC Bayern München
2026/27,D1,06/09/2026,13:30,Hamburger SV,1. FSV Mainz 05
2026/27,D1,06/09/2026,15:30,Eintracht Frankfurt,FC Augsburg
2026/27,D1,11/09/2026,18:30,1. FC Union Berlin,FC Schalke 04
2026/27,D1,12/09/2026,13:30,1. FSV Mainz 05,Eintracht Frankfurt
2026/27,D1,12/09/2026,13:30,FC Augsburg,Bayer 04 Leverkusen
2026/27,D1,12/09/2026,13:30,Sport-Club Freiburg,Borussia Mönchengladbach
2026/27,D1,12/09/2026,13:30,TSG Hoffenheim,VfB Stuttgart
2026/27,D1,12/09/2026,13:30,Borussia Dortmund,SC Paderborn 07
2026/27,D1,12/09/2026,16:30,1. FC Köln,SV Werder Bremen
2026/27,D1,13/09/2026,13:30,RB Leipzig,Hamburger SV
2026/27,D1,13/09/2026,15:30,SV Elversberg,FC Bayern München
2026/27,D1,18/09/2026,18:30,FC Bayern München,1. FC Union Berlin
2026/27,D1,19/09/2026,13:30,SV Werder Bremen,FC Augsburg
2026/27,D1,19/09/2026,13:30,Hamburger SV,1. FC Köln
2026/27,D1,19/09/2026,13:30,Borussia Mönchengladbach,1. FSV Mainz 05
2026/27,D1,19/09/2026,13:30,Eintracht Frankfurt,Sport-Club Freiburg
2026/27,D1,19/09/2026,16:30,VfB Stuttgart,Borussia Dortmund
2026/27,D1,20/09/2026,13:30,Bayer 04 Leverkusen,RB Leipzig
2026/27,D1,20/09/2026,15:30,FC Schalke 04,SV Elversberg
2026/27,D1,20/09/2026,17:30,SC Paderborn 07,TSG Hoffenheim
2026/27,D1,09/10/2026,00:00,SC Paderborn 07,VfB Stuttgart
2026/27,D1,09/10/2026,00:00,1. FC Köln,Borussia Mönchengladbach
2026/27,D1,09/10/2026,00:00,1. FC Union Berlin,SV Elversberg
2026/27,D1,09/10/2026,00:00,1. FSV Mainz 05,Bayer 04 Leverkusen
2026/27,D1,09/10/2026,00:00,FC Augsburg,FC Bayern München
2026/27,D1,09/10/2026,00:00,Sport-Club Freiburg,FC Schalke 04
2026/27,D1,09/10/2026,00:00,TSG Hoffenheim,Hamburger SV
2026/27,D1,09/10/2026,00:00,RB Leipzig,Eintracht Frankfurt
2026/27,D1,09/10/2026,00:00,Borussia Dortmund,SV Werder Bremen
2026/27,D1,16/10/2026,00:00,SV Elversberg,FC Augsburg
2026/27,D1,16/10/2026,00:00,FC Schalke 04,1. FSV Mainz 05
2026/27,D1,16/10/2026,00:00,SV Werder Bremen,SC Paderborn 07
2026/27,D1,16/10/2026,00:00,Hamburger SV,VfB Stuttgart
2026/27,D1,16/10/2026,00:00,Borussia Mönchengladbach,TSG Hoffenheim
2026/27,D1,16/10/2026,00:00,1. FC Union Berlin,Borussia Dortmund
2026/27,D1,16/10/2026,00:00,Eintracht Frankfurt,1. FC Köln
2026/27,D1,16/10/2026,00:00,Bayer 04 Leverkusen,Sport-Club Freiburg
2026/27,D1,16/10/2026,00:00,FC Bayern München,RB Leipzig
2026/27,D1,23/10/2026,00:00,SC Paderborn 07,Hamburger SV
2026/27,D1,23/10/2026,00:00,1. FC Köln,FC Schalke 04
2026/27,D1,23/10/2026,00:00,1. FSV Mainz 05,SV Werder Bremen
2026/27,D1,23/10/2026,00:00,FC Augsburg,1. FC Union Berlin
2026/27,D1,23/10/2026,00:00,Sport-Club Freiburg,FC Bayern München
2026/27,D1,23/10/2026,00:00,TSG Hoffenheim,Bayer 04 Leverkusen
2026/27,D1,23/10/2026,00:00,VfB Stuttgart,Borussia Mönchengladbach
2026/27,D1,23/10/2026,00:00,RB Leipzig,SV Elversberg
2026/27,D1,23/10/2026,00:00,Borussia Dortmund,Eintracht Frankfurt
2026/27,D1,30/10/2026,00:00,SV Elversberg,1. FSV Mainz 05
2026/27,D1,30/10/2026,00:00,FC Schalke 04,RB Leipzig
2026/27,D1,30/10/2026,00:00,SV Werder Bremen,TSG Hoffenheim
2026/27,D1,30/10/2026,00:00,Borussia Mönchengladbach,SC Paderborn 07
2026/27,D1,30/10/2026,00:00,1. FC Union Berlin,1. FC Köln
2026/27,D1,30/10/2026,00:00,FC Augsburg,Sport-Club Freiburg
2026/27,D1,30/10/2026,00:00,Eintracht Frankfurt,Hamburger SV
2026/27,D1,30/10/2026,00:00,Bayer 04 Leverkusen,VfB Stuttgart
2026/27,D1,30/10/2026,00:00,FC Bayern München,Borussia Dortmund
2026/27,D1,06/11/2026,00:00,SC Paderborn 07,Eintracht Frankfurt
2026/27,D1,06/11/2026,00:00,1. FC Köln,Bayer 04 Leverkusen
2026/27,D1,06/11/2026,00:00,Hamburger SV,Borussia Mönchengladbach
2026/27,D1,06/11/2026,00:00,1. FSV Mainz 05,FC Bayern München
2026/27,D1,06/11/2026,00:00,Sport-Club Freiburg,1. FC Union Berlin
2026/27,D1,06/11/2026,00:00,TSG Hoffenheim,FC Schalke 04
2026/27,D1,06/11/2026,00:00,VfB Stuttgart,SV Werder Bremen
2026/27,D1,06/11/2026,00:00,RB Leipzig,FC Augsburg
2026/27,D1,06/11/2026,00:00,Borussia Dortmund,SV Elversberg
2026/27,D1,20/11/2026,00:00,SV Elversberg,Sport-Club Freiburg
2026/27,D1,20/11/2026,00:00,FC Schalke 04,VfB Stuttgart
2026/27,D1,20/11/2026,00:00,SV Werder Bremen,Hamburger SV
2026/27,D1,20/11/2026,00:00,Borussia Mönchengladbach,Borussia Dortmund
2026/27,D1,20/11/2026,00:00,1. FC Union Berlin,RB Leipzig
2026/27,D1,20/11/2026,00:00,FC Augsburg,1. FSV Mainz 05
2026/27,D1,20/11/2026,00:00,Eintracht Frankfurt,TSG Hoffenheim
2026/27,D1,20/11/2026,00:00,Bayer 04 Leverkusen,SC Paderborn 07
2026/27,D1,20/11/2026,00:00,FC Bayern München,1. FC Köln
2026/27,D1,27/11/2026,00:00,SC Paderborn 07,FC Schalke 04
2026/27,D1,27/11/2026,00:00,SV Werder Bremen,Borussia Mönchengladbach
2026/27,D1,27/11/2026,00:00,1. FC Köln,SV Elversberg
2026/27,D1,27/11/2026,00:00,Hamburger SV,FC Bayern München
2026/27,D1,27/11/2026,00:00,1. FSV Mainz 05,1. FC Union Berlin
2026/27,D1,27/11/2026,00:00,Sport-Club Freiburg,RB Leipzig
2026/27,D1,27/11/2026,00:00,TSG Hoffenheim,FC Augsburg
2026/27,D1,27/11/2026,00:00,VfB Stuttgart,Eintracht Frankfurt
2026/27,D1,27/11/2026,00:00,Borussia Dortmund,Bayer 04 Leverkusen
2026/27,D1,04/12/2026,00:00,SV Elversberg,VfB Stuttgart
2026/27,D1,04/12/2026,00:00,FC Schalke 04,Borussia Dortmund
2026/27,D1,04/12/2026,00:00,1. FC Union Berlin,Hamburger SV
2026/27,D1,04/12/2026,00:00,FC Augsburg,1. FC Köln
2026/27,D1,04/12/2026,00:00,Eintracht Frankfurt,SV Werder Bremen
2026/27,D1,04/12/2026,00:00,Sport-Club Freiburg,TSG Hoffenheim
2026/27,D1,04/12/2026,00:00,Bayer 04 Leverkusen,Borussia Mönchengladbach
2026/27,D1,04/12/2026,00:00,RB Leipzig,1. FSV Mainz 05
2026/27,D1,04/12/2026,00:00,FC Bayern München,SC Paderborn 07
2026/27,D1,11/12/2026,00:00,SC Paderborn 07,SV Elversberg
2026/27,D1,11/12/2026,00:00,SV Werder Bremen,Bayer 04 Leverkusen
2026/27,D1,11/12/2026,00:00,1. FC Köln,RB Leipzig
2026/27,D1,11/12/2026,00:00,Hamburger SV,FC Schalke 04
2026/27,D1,11/12/2026,00:00,Borussia Mönchengladbach,Eintracht Frankfurt
2026/27,D1,11/12/2026,00:00,1. FSV Mainz 05,Sport-Club Freiburg
2026/27,D1,11/12/2026,00:00,TSG Hoffenheim,FC Bayern München
2026/27,D1,11/12/2026,00:00,VfB Stuttgart,1. FC Union Berlin
2026/27,D1,11/12/2026,00:00,Borussia Dortmund,FC Augsburg
2026/27,D1,18/12/2026,00:00,SV Elversberg,Hamburger SV
2026/27,D1,18/12/2026,00:00,FC Schalke 04,Borussia Mönchengladbach
2026/27,D1,18/12/2026,00:00,1. FC Union Berlin,TSG Hoffenheim
2026/27,D1,18/12/2026,00:00,1. FSV Mainz 05,1. FC Köln
2026/27,D1,18/12/2026,00:00,FC Augsburg,SC Paderborn 07
2026/27,D1,18/12/2026,00:00,Sport-Club Freiburg,VfB Stuttgart
2026/27,D1,18/12/2026,00:00,Bayer 04 Leverkusen,Eintracht Frankfurt
2026/27,D1,18/12/2026,00:00,RB Leipzig,Borussia Dortmund
2026/27,D1,18/12/2026,00:00,FC Bayern München,SV Werder Bremen
2026/27,D1,08/01/2027,00:00,SC Paderborn 07,RB Leipzig
2026/27,D1,08/01/2027,00:00,SV Werder Bremen,1. FC Union Berlin
2026/27,D1,08/01/2027,00:00,1. FC Köln,Sport-Club Freiburg
2026/27,D1,08/01/2027,00:00,Hamburger SV,Bayer 04 Leverkusen
2026/27,D1,08/01/2027,00:00,Borussia Mönchengladbach,FC Bayern München
2026/27,D1,08/01/2027,00:00,Eintracht Frankfurt,FC Schalke 04
2026/27,D1,08/01/2027,00:00,TSG Hoffenheim,SV Elversberg
2026/27,D1,08/01/2027,00:00,VfB Stuttgart,FC Augsburg
2026/27,D1,08/01/2027,00:00,Borussia Dortmund,1. FSV Mainz 05
2026/27,D1,12/01/2027,00:00,SV Elversberg,Eintracht Frankfurt
2026/27,D1,12/01/2027,00:00,FC Schalke 04,SV Werder Bremen
2026/27,D1,12/01/2027,00:00,1. FC Köln,Borussia Dortmund
2026/27,D1,12/01/2027,00:00,1. FC Union Berlin,SC Paderborn 07
2026/27,D1,12/01/2027,00:00,1. FSV Mainz 05,TSG Hoffenheim
2026/27,D1,12/01/2027,00:00,FC Augsburg,Borussia Mönchengladbach
2026/27,D1,12/01/2027,00:00,Sport-Club Freiburg,Hamburger SV
2026/27,D1,12/01/2027,00:00,RB Leipzig,VfB Stuttgart
2026/27,D1,12/01/2027,00:00,FC Bayern München,Bayer 04 Leverkusen
2026/27,D1,15/01/2027,00:00,SC Paderborn 07,1. FC Köln
2026/27,D1,15/01/2027,00:00,SV Werder Bremen,SV Elversberg
2026/27,D1,15/01/2027,00:00,Hamburger SV,FC Augsburg
2026/27,D1,15/01/2027,00:00,Borussia Mönchengladbach,1. FC Union Berlin
2026/27,D1,15/01/2027,00:00,Eintracht Frankfurt,FC Bayern München
2026/27,D1,15/01/2027,00:00,Bayer 04 Leverkusen,FC Schalke 04
2026/27,D1,15/01/2027,00:00,TSG Hoffenheim,RB Leipzig
2026/27,D1,15/01/2027,00:00,VfB Stuttgart,1. FSV Mainz 05
2026/27,D1,15/01/2027,00:00,Borussia Dortmund,Sport-Club Freiburg
2026/27,D1,22/01/2027,00:00,SC Paderborn 07,1. FSV Mainz 05
2026/27,D1,22/01/2027,00:00,FC Schalke 04,FC Augsburg
2026/27,D1,22/01/2027,00:00,SV Werder Bremen,Sport-Club Freiburg
2026/27,D1,22/01/2027,00:00,Hamburger SV,Borussia Dortmund
2026/27,D1,22/01/2027,00:00,Borussia Mönchengladbach,RB Leipzig
2026/27,D1,22/01/2027,00:00,Eintracht Frankfurt,1. FC Union Berlin
2026/27,D1,22/01/2027,00:00,Bayer 04 Leverkusen,SV Elversberg
2026/27,D1,22/01/2027,00:00,TSG Hoffenheim,1. FC Köln
2026/27,D1,22/01/2027,00:00,VfB Stuttgart,FC Bayern München
2026/27,D1,29/01/2027,00:00,SV Elversberg,Borussia Mönchengladbach
2026/27,D1,29/01/2027,00:00,1. FC Köln,VfB Stuttgart
2026/27,D1,29/01/2027,00:00,1. FC Union Berlin,Bayer 04 Leverkusen
2026/27,D1,29/01/2027,00:00,1. FSV Mainz 05,Hamburger SV
2026/27,D1,29/01/2027,00:00,FC Augsburg,Eintracht Frankfurt
2026/27,D1,29/01/2027,00:00,Sport-Club Freiburg,SC Paderborn 07
2026/27,D1,29/01/2027,00:00,RB Leipzig,SV Werder Bremen
2026/27,D1,29/01/2027,00:00,Borussia Dortmund,TSG Hoffenheim
2026/27,D1,29/01/2027,00:00,FC Bayern München,FC Schalke 04
2026/27,D1,05/02/2027,00:00,SC Paderborn 07,Borussia Dortmund
2026/27,D1,05/02/2027,00:00,FC Schalke 04,1. FC Union Berlin
2026/27,D1,05/02/2027,00:00,SV Werder Bremen,1. FC Köln
2026/27,D1,05/02/2027,00:00,Hamburger SV,RB Leipzig
2026/27,D1,05/02/2027,00:00,Borussia Mönchengladbach,Sport-Club Freiburg
2026/27,D1,05/02/2027,00:00,Eintracht Frankfurt,1. FSV Mainz 05
2026/27,D1,05/02/2027,00:00,Bayer 04 Leverkusen,FC Augsburg
2026/27,D1,05/02/2027,00:00,VfB Stuttgart,TSG Hoffenheim
2026/27,D1,05/02/2027,00:00,FC Bayern München,SV Elversberg
2026/27,D1,12/02/2027,00:00,SV Elversberg,FC Schalke 04
2026/27,D1,12/02/2027,00:00,1. FC Köln,Hamburger SV
2026/27,D1,12/02/2027,00:00,1. FC Union Berlin,FC Bayern München
2026/27,D1,12/02/2027,00:00,1. FSV Mainz 05,Borussia Mönchengladbach
2026/27,D1,12/02/2027,00:00,FC Augsburg,SV Werder Bremen
2026/27,D1,12/02/2027,00:00,Sport-Club Freiburg,Eintracht Frankfurt
2026/27,D1,12/02/2027,00:00,TSG Hoffenheim,SC Paderborn 07
2026/27,D1,12/02/2027,00:00,RB Leipzig,Bayer 04 Leverkusen
2026/27,D1,12/02/2027,00:00,Borussia Dortmund,VfB Stuttgart
2026/27,D1,19/02/2027,00:00,SV Elversberg,1. FC Union Berlin
2026/27,D1,19/02/2027,00:00,FC Schalke 04,Sport-Club Freiburg
2026/27,D1,19/02/2027,00:00,SV Werder Bremen,Borussia Dortmund
2026/27,D1,19/02/2027,00:00,Hamburger SV,TSG Hoffenheim
2026/27,D1,19/02/2027,00:00,Borussia Mönchengladbach,1. FC Köln
2026/27,D1,19/02/2027,00:00,Eintracht Frankfurt,RB Leipzig
2026/27,D1,19/02/2027,00:00,Bayer 04 Leverkusen,1. FSV Mainz 05
2026/27,D1,19/02/2027,00:00,VfB Stuttgart,SC Paderborn 07
2026/27,D1,19/02/2027,00:00,FC Bayern München,FC Augsburg
2026/27,D1,26/02/2027,00:00,SC Paderborn 07,SV Werder Bremen
2026/27,D1,26/02/2027,00:00,1. FC Köln,Eintracht Frankfurt
2026/27,D1,26/02/2027,00:00,1. FSV Mainz 05,FC Schalke 04
2026/27,D1,26/02/2027,00:00,FC Augsburg,SV Elversberg
2026/27,D1,26/02/2027,00:00,Sport-Club Freiburg,Bayer 04 Leverkusen
2026/27,D1,26/02/2027,00:00,TSG Hoffenheim,Borussia Mönchengladbach
2026/27,D1,26/02/2027,00:00,VfB Stuttgart,Hamburger SV
2026/27,D1,26/02/2027,00:00,RB Leipzig,FC Bayern München
2026/27,D1,26/02/2027,00:00,Borussia Dortmund,1. FC Union Berlin
2026/27,D1,02/03/2027,00:00,SV Elversberg,RB Leipzig
2026/27,D1,02/03/2027,00:00,FC Schalke 04,1. FC Köln
2026/27,D1,02/03/2027,00:00,SV Werder Bremen,1. FSV Mainz 05
2026/27,D1,02/03/2027,00:00,Hamburger SV,SC Paderborn 07
2026/27,D1,02/03/2027,00:00,Borussia Mönchengladbach,VfB Stuttgart
2026/27,D1,02/03/2027,00:00,1. FC Union Berlin,FC Augsburg
2026/27,D1,02/03/2027,00:00,Eintracht Frankfurt,Borussia Dortmund
2026/27,D1,02/03/2027,00:00,Bayer 04 Leverkusen,TSG Hoffenheim
2026/27,D1,02/03/2027,00:00,FC Bayern München,Sport-Club Freiburg
2026/27,D1,05/03/2027,00:00,SC Paderborn 07,Borussia Mönchengladbach
2026/27,D1,05/03/2027,00:00,1. FC Köln,1. FC Union Berlin
2026/27,D1,05/03/2027,00:00,Hamburger SV,Eintracht Frankfurt
2026/27,D1,05/03/2027,00:00,1. FSV Mainz 05,SV Elversberg
2026/27,D1,05/03/2027,00:00,Sport-Club Freiburg,FC Augsburg
2026/27,D1,05/03/2027,00:00,TSG Hoffenheim,SV Werder Bremen
2026/27,D1,05/03/2027,00:00,VfB Stuttgart,Bayer 04 Leverkusen
2026/27,D1,05/03/2027,00:00,RB Leipzig,FC Schalke 04
2026/27,D1,05/03/2027,00:00,Borussia Dortmund,FC Bayern München
2026/27,D1,12/03/2027,00:00,SV Elversberg,Borussia Dortmund
2026/27,D1,12/03/2027,00:00,FC Schalke 04,TSG Hoffenheim
2026/27,D1,12/03/2027,00:00,SV Werder Bremen,VfB Stuttgart
2026/27,D1,12/03/2027,00:00,Borussia Mönchengladbach,Hamburger SV
2026/27,D1,12/03/2027,00:00,1. FC Union Berlin,Sport-Club Freiburg
2026/27,D1,12/03/2027,00:00,FC Augsburg,RB Leipzig
2026/27,D1,12/03/2027,00:00,Eintracht Frankfurt,SC Paderborn 07
2026/27,D1,12/03/2027,00:00,Bayer 04 Leverkusen,1. FC Köln
2026/27,D1,12/03/2027,00:00,FC Bayern München,1. FSV Mainz 05
2026/27,D1,19/03/2027,00:00,SC Paderborn 07,Bayer 04 Leverkusen
2026/27,D1,19/03/2027,00:00,1. FC Köln,FC Bayern München
2026/27,D1,19/03/2027,00:00,Hamburger SV,SV Werder Bremen
2026/27,D1,19/03/2027,00:00,1. FSV Mainz 05,FC Augsburg
2026/27,D1,19/03/2027,00:00,Sport-Club Freiburg,SV Elversberg
2026/27,D1,19/03/2027,00:00,TSG Hoffenheim,Eintracht Frankfurt
2026/27,D1,19/03/2027,00:00,VfB Stuttgart,FC Schalke 04
2026/27,D1,19/03/2027,00:00,RB Leipzig,1. FC Union Berlin
2026/27,D1,19/03/2027,00:00,Borussia Dortmund,Borussia Mönchengladbach
2026/27,D1,02/04/2027,00:00,SV Elversberg,1. FC Köln
2026/27,D1,02/04/2027,00:00,FC Schalke 04,SC Paderborn 07
2026/27,D1,02/04/2027,00:00,Borussia Mönchengladbach,SV Werder Bremen
2026/27,D1,02/04/2027,00:00,1. FC Union Berlin,1. FSV Mainz 05
2026/27,D1,02/04/2027,00:00,FC Augsburg,TSG Hoffenheim
2026/27,D1,02/04/2027,00:00,Eintracht Frankfurt,VfB Stuttgart
2026/27,D1,02/04/2027,00:00,Bayer 04 Leverkusen,Borussia Dortmund
2026/27,D1,02/04/2027,00:00,RB Leipzig,Sport-Club Freiburg
2026/27,D1,02/04/2027,00:00,FC Bayern München,Hamburger SV
2026/27,D1,09/04/2027,00:00,SC Paderborn 07,FC Bayern München
2026/27,D1,09/04/2027,00:00,SV Werder Bremen,Eintracht Frankfurt
2026/27,D1,09/04/2027,00:00,1. FC Köln,FC Augsburg
2026/27,D1,09/04/2027,00:00,Hamburger SV,1. FC Union Berlin
2026/27,D1,09/04/2027,00:00,Borussia Mönchengladbach,Bayer 04 Leverkusen
2026/27,D1,09/04/2027,00:00,1. FSV Mainz 05,RB Leipzig
2026/27,D1,09/04/2027,00:00,TSG Hoffenheim,Sport-Club Freiburg
2026/27,D1,09/04/2027,00:00,VfB Stuttgart,SV Elversberg
2026/27,D1,09/04/2027,00:00,Borussia Dortmund,FC Schalke 04
2026/27,D1,16/04/2027,00:00,SV Elversberg,SC Paderborn 07
2026/27,D1,16/04/2027,00:00,FC Schalke 04,Hamburger SV
2026/27,D1,16/04/2027,00:00,1. FC Union Berlin,VfB Stuttgart
2026/27,D1,16/04/2027,00:00,FC Augsburg,Borussia Dortmund
2026/27,D1,16/04/2027,00:00,Eintracht Frankfurt,Borussia Mönchengladbach
2026/27,D1,16/04/2027,00:00,Sport-Club Freiburg,1. FSV Mainz 05
2026/27,D1,16/04/2027,00:00,Bayer 04 Leverkusen,SV Werder Bremen
2026/27,D1,16/04/2027,00:00,RB Leipzig,1. FC Köln
2026/27,D1,16/04/2027,00:00,FC Bayern München,TSG Hoffenheim
2026/27,D1,23/04/2027,00:00,SC Paderborn 07,FC Augsburg
2026/27,D1,23/04/2027,00:00,SV Werder Bremen,FC Bayern München
2026/27,D1,23/04/2027,00:00,1. FC Köln,1. FSV Mainz 05
2026/27,D1,23/04/2027,00:00,Hamburger SV,SV Elversberg
2026/27,D1,23/04/2027,00:00,Borussia Mönchengladbach,FC Schalke 04
2026/27,D1,23/04/2027,00:00,Eintracht Frankfurt,Bayer 04 Leverkusen
2026/27,D1,23/04/2027,00:00,TSG Hoffenheim,1. FC Union Berlin
2026/27,D1,23/04/2027,00:00,VfB Stuttgart,Sport-Club Freiburg
2026/27,D1,23/04/2027,00:00,Borussia Dortmund,RB Leipzig
2026/27,D1,07/05/2027,00:00,SV Elversberg,TSG Hoffenheim
2026/27,D1,07/05/2027,00:00,FC Schalke 04,Eintracht Frankfurt
2026/27,D1,07/05/2027,00:00,1. FC Union Berlin,SV Werder Bremen
2026/27,D1,07/05/2027,00:00,1. FSV Mainz 05,Borussia Dortmund
2026/27,D1,07/05/2027,00:00,FC Augsburg,VfB Stuttgart
2026/27,D1,07/05/2027,00:00,Sport-Club Freiburg,1. FC Köln
2026/27,D1,07/05/2027,00:00,Bayer 04 Leverkusen,Hamburger SV
2026/27,D1,07/05/2027,00:00,RB Leipzig,SC Paderborn 07
2026/27,D1,07/05/2027,00:00,FC Bayern München,Borussia Mönchengladbach
2026/27,D1,14/05/2027,00:00,SC Paderborn 07,1. FC Union Berlin
2026/27,D1,14/05/2027,00:00,SV Werder Bremen,FC Schalke 04
2026/27,D1,14/05/2027,00:00,Hamburger SV,Sport-Club Freiburg
2026/27,D1,14/05/2027,00:00,Borussia Mönchengladbach,FC Augsburg
2026/27,D1,14/05/2027,00:00,Eintracht Frankfurt,SV Elversberg
2026/27,D1,14/05/2027,00:00,Bayer 04 Leverkusen,FC Bayern München
2026/27,D1,14/05/2027,00:00,TSG Hoffenheim,1. FSV Mainz 05
2026/27,D1,14/05/2027,00:00,VfB Stuttgart,RB Leipzig
2026/27,D1,14/05/2027,00:00,Borussia Dortmund,1. FC Köln
2026/27,D1,22/05/2027,13:30,SV Elversberg,SV Werder Bremen
2026/27,D1,22/05/2027,13:30,FC Schalke 04,Bayer 04 Leverkusen
2026/27,D1,22/05/2027,13:30,1. FC Köln,SC Paderborn 07
2026/27,D1,22/05/2027,13:30,1. FC Union Berlin,Borussia Mönchengladbach
2026/27,D1,22/05/2027,13:30,1. FSV Mainz 05,VfB Stuttgart
2026/27,D1,22/05/2027,13:30,FC Augsburg,Hamburger SV
2026/27,D1,22/05/2027,13:30,Sport-Club Freiburg,Borussia Dortmund
2026/27,D1,22/05/2027,13:30,RB Leipzig,TSG Hoffenheim
2026/27,D1,22/05/2027,13:30,FC Bayern München,Eintracht Frankfurt
2026/27,E0,21/08/2026,20:00,Arsenal,Coventry
2026/27,E0,22/08/2026,12:30,Hull,Man Utd
2026/27,E0,22/08/2026,15:00,Everton,Crystal Palace
2026/27,E0,22/08/2026,15:00,Ipswich,Sunderland
2026/27,E0,22/08/2026,15:00,Nott'm Forest,Leeds
2026/27,E0,22/08/2026,17:30,Brentford,Spurs
2026/27,E0,23/08/2026,14:00,Brighton,Aston Villa
2026/27,E0,23/08/2026,14:00,Man City,Bournemouth
2026/27,E0,23/08/2026,16:30,Newcastle,Liverpool
2026/27,E0,24/08/2026,20:00,Fulham,Chelsea
2026/27,E0,28/08/2026,20:00,Crystal Palace,Man City
2026/27,E0,29/08/2026,12:30,Liverpool,Nott'm Forest
2026/27,E0,29/08/2026,15:00,Bournemouth,Everton
2026/27,E0,29/08/2026,15:00,Coventry,Hull
2026/27,E0,29/08/2026,17:30,Spurs,Newcastle
2026/27,E0,30/08/2026,14:00,Chelsea,Brighton
2026/27,E0,30/08/2026,14:00,Leeds,Brentford
2026/27,E0,30/08/2026,14:00,Sunderland,Fulham
2026/27,E0,30/08/2026,16:30,Man Utd,Ipswich
2026/27,E0,31/08/2026,20:00,Aston Villa,Arsenal
2026/27,E0,04/09/2026,20:00,Ipswich,Liverpool
2026/27,E0,05/09/2026,12:30,Newcastle,Bournemouth
2026/27,E0,05/09/2026,15:00,Brentford,Sunderland
2026/27,E0,05/09/2026,15:00,Brighton,Leeds
2026/27,E0,05/09/2026,15:00,Fulham,Crystal Palace
2026/27,E0,05/09/2026,15:00,Man City,Coventry
2026/27,E0,05/09/2026,15:00,Nott'm Forest,Spurs
2026/27,E0,05/09/2026,17:30,Hull,Aston Villa
2026/27,E0,06/09/2026,14:00,Everton,Man Utd
2026/27,E0,06/09/2026,16:30,Arsenal,Chelsea
2026/27,E0,12/09/2026,15:00,Bournemouth,Brentford
2026/27,E0,12/09/2026,15:00,Aston Villa,Nott'm Forest
2026/27,E0,12/09/2026,15:00,Chelsea,Hull
2026/27,E0,12/09/2026,15:00,Crystal Palace,Ipswich
2026/27,E0,12/09/2026,15:00,Liverpool,Fulham
2026/27,E0,12/09/2026,17:30,Spurs,Everton
2026/27,E0,12/09/2026,20:00,Sunderland,Arsenal
2026/27,E0,13/09/2026,14:00,Coventry,Brighton
2026/27,E0,13/09/2026,16:30,Man Utd,Man City
2026/27,E0,14/09/2026,20:00,Leeds,Newcastle
2026/27,E0,18/09/2026,20:00,Brentford,Chelsea
2026/27,E0,19/09/2026,12:30,Spurs,Aston Villa
2026/27,E0,19/09/2026,15:00,Brighton,Arsenal
2026/27,E0,19/09/2026,15:00,Everton,Ipswich
2026/27,E0,19/09/2026,15:00,Leeds,Crystal Palace
2026/27,E0,19/09/2026,15:00,Man City,Sunderland
2026/27,E0,19/09/2026,15:00,Newcastle,Hull
2026/27,E0,19/09/2026,17:30,Nott'm Forest,Coventry
2026/27,E0,20/09/2026,14:00,Bournemouth,Liverpool
2026/27,E0,20/09/2026,16:30,Fulham,Man Utd
2026/27,E0,10/10/2026,15:00,Arsenal,Leeds
2026/27,E0,10/10/2026,15:00,Aston Villa,Brentford
2026/27,E0,10/10/2026,15:00,Chelsea,Bournemouth
2026/27,E0,10/10/2026,15:00,Coventry,Newcastle
2026/27,E0,10/10/2026,15:00,Crystal Palace,Nott'm Forest
2026/27,E0,10/10/2026,15:00,Hull,Everton
2026/27,E0,10/10/2026,15:00,Ipswich,Fulham
2026/27,E0,10/10/2026,15:00,Liverpool,Man City
2026/27,E0,10/10/2026,15:00,Man Utd,Spurs
2026/27,E0,10/10/2026,15:00,Sunderland,Brighton
2026/27,E0,17/10/2026,15:00,Bournemouth,Sunderland
2026/27,E0,17/10/2026,15:00,Brentford,Liverpool
2026/27,E0,17/10/2026,15:00,Brighton,Crystal Palace
2026/27,E0,17/10/2026,15:00,Everton,Chelsea
2026/27,E0,17/10/2026,15:00,Fulham,Hull
2026/27,E0,17/10/2026,15:00,Leeds,Man Utd
2026/27,E0,17/10/2026,15:00,Man City,Ipswich
2026/27,E0,17/10/2026,15:00,Newcastle,Aston Villa
2026/27,E0,17/10/2026,15:00,Nott'm Forest,Arsenal
2026/27,E0,17/10/2026,15:00,Spurs,Coventry
2026/27,E0,24/10/2026,15:00,Arsenal,Everton
2026/27,E0,24/10/2026,15:00,Aston Villa,Man City
2026/27,E0,24/10/2026,15:00,Chelsea,Spurs
2026/27,E0,24/10/2026,15:00,Coventry,Fulham
2026/27,E0,24/10/2026,15:00,Crystal Palace,Newcastle
2026/27,E0,24/10/2026,15:00,Hull,Brentford
2026/27,E0,24/10/2026,15:00,Ipswich,Nott'm Forest
2026/27,E0,24/10/2026,15:00,Liverpool,Brighton
2026/27,E0,24/10/2026,15:00,Man Utd,Bournemouth
2026/27,E0,24/10/2026,15:00,Sunderland,Leeds
2026/27,E0,31/10/2026,15:00,Bournemouth,Leeds
2026/27,E0,31/10/2026,15:00,Aston Villa,Fulham
2026/27,E0,31/10/2026,15:00,Brentford,Nott'm Forest
2026/27,E0,31/10/2026,15:00,Chelsea,Man Utd
2026/27,E0,31/10/2026,15:00,Coventry,Sunderland
2026/27,E0,31/10/2026,15:00,Hull,Ipswich
2026/27,E0,31/10/2026,15:00,Liverpool,Arsenal
2026/27,E0,31/10/2026,15:00,Man City,Brighton
2026/27,E0,31/10/2026,15:00,Newcastle,Everton
2026/27,E0,31/10/2026,15:00,Spurs,Crystal Palace
2026/27,E0,07/11/2026,15:00,Arsenal,Hull
2026/27,E0,07/11/2026,15:00,Brighton,Brentford
2026/27,E0,07/11/2026,15:00,Crystal Palace,Liverpool
2026/27,E0,07/11/2026,15:00,Everton,Coventry
2026/27,E0,07/11/2026,15:00,Fulham,Newcastle
2026/27,E0,07/11/2026,15:00,Ipswich,Bournemouth
2026/27,E0,07/11/2026,15:00,Leeds,Spurs
2026/27,E0,07/11/2026,15:00,Man Utd,Aston Villa
2026/27,E0,07/11/2026,15:00,Nott'm Forest,Man City
2026/27,E0,07/11/2026,15:00,Sunderland,Chelsea
2026/27,E0,21/11/2026,15:00,Bournemouth,Nott'm Forest
2026/27,E0,21/11/2026,15:00,Aston Villa,Sunderland
2026/27,E0,21/11/2026,15:00,Brentford,Everton
2026/27,E0,21/11/2026,15:00,Chelsea,Leeds
2026/27,E0,21/11/2026,15:00,Coventry,Crystal Palace
2026/27,E0,21/11/2026,15:00,Hull,Brighton
2026/27,E0,21/11/2026,15:00,Liverpool,Man Utd
2026/27,E0,21/11/2026,15:00,Man City,Fulham
2026/27,E0,21/11/2026,15:00,Newcastle,Arsenal
2026/27,E0,21/11/2026,15:00,Spurs,Ipswich
2026/27,E0,28/11/2026,15:00,Arsenal,Man City
2026/27,E0,28/11/2026,15:00,Brighton,Newcastle
2026/27,E0,28/11/2026,15:00,Crystal Palace,Hull
2026/27,E0,28/11/2026,15:00,Everton,Liverpool
2026/27,E0,28/11/2026,15:00,Fulham,Bournemouth
2026/27,E0,28/11/2026,15:00,Ipswich,Aston Villa
2026/27,E0,28/11/2026,15:00,Leeds,Coventry
2026/27,E0,28/11/2026,15:00,Man Utd,Brentford
2026/27,E0,28/11/2026,15:00,Nott'm Forest,Chelsea
2026/27,E0,28/11/2026,15:00,Sunderland,Spurs
2026/27,E0,02/12/2026,20:00,Bournemouth,Brighton
2026/27,E0,02/12/2026,20:00,Aston Villa,Everton
2026/27,E0,02/12/2026,20:00,Brentford,Arsenal
2026/27,E0,02/12/2026,20:00,Chelsea,Crystal Palace
2026/27,E0,02/12/2026,20:00,Coventry,Ipswich
2026/27,E0,02/12/2026,20:00,Hull,Nott'm Forest
2026/27,E0,02/12/2026,20:00,Liverpool,Sunderland
2026/27,E0,02/12/2026,20:00,Man City,Leeds
2026/27,E0,02/12/2026,20:00,Newcastle,Man Utd
2026/27,E0,02/12/2026,20:00,Spurs,Fulham
2026/27,E0,05/12/2026,15:00,Bournemouth,Hull
2026/27,E0,05/12/2026,15:00,Aston Villa,Crystal Palace
2026/27,E0,05/12/2026,15:00,Brentford,Man City
2026/27,E0,05/12/2026,15:00,Chelsea,Liverpool
2026/27,E0,05/12/2026,15:00,Everton,Fulham
2026/27,E0,05/12/2026,15:00,Leeds,Ipswich
2026/27,E0,05/12/2026,15:00,Man Utd,Coventry
2026/27,E0,05/12/2026,15:00,Newcastle,Sunderland
2026/27,E0,05/12/2026,15:00,Nott'm Forest,Brighton
2026/27,E0,05/12/2026,15:00,Spurs,Arsenal
2026/27,E0,12/12/2026,15:00,Arsenal,Bournemouth
2026/27,E0,12/12/2026,15:00,Brighton,Everton
2026/27,E0,12/12/2026,15:00,Coventry,Aston Villa
2026/27,E0,12/12/2026,15:00,Crystal Palace,Man Utd
2026/27,E0,12/12/2026,15:00,Fulham,Brentford
2026/27,E0,12/12/2026,15:00,Hull,Spurs
2026/27,E0,12/12/2026,15:00,Ipswich,Newcastle
2026/27,E0,12/12/2026,15:00,Liverpool,Leeds
2026/27,E0,12/12/2026,15:00,Man City,Chelsea
2026/27,E0,12/12/2026,15:00,Sunderland,Nott'm Forest
2026/27,E0,19/12/2026,15:00,Bournemouth,Coventry
2026/27,E0,19/12/2026,15:00,Arsenal,Man Utd
2026/27,E0,19/12/2026,15:00,Brentford,Newcastle
2026/27,E0,19/12/2026,15:00,Brighton,Ipswich
2026/27,E0,19/12/2026,15:00,Chelsea,Aston Villa
2026/27,E0,19/12/2026,15:00,Leeds,Fulham
2026/27,E0,19/12/2026,15:00,Liverpool,Spurs
2026/27,E0,19/12/2026,15:00,Man City,Hull
2026/27,E0,19/12/2026,15:00,Nott'm Forest,Everton
2026/27,E0,19/12/2026,15:00,Sunderland,Crystal Palace
2026/27,E0,26/12/2026,15:00,Aston Villa,Leeds
2026/27,E0,26/12/2026,15:00,Coventry,Chelsea
2026/27,E0,26/12/2026,15:00,Crystal Palace,Arsenal
2026/27,E0,26/12/2026,15:00,Everton,Sunderland
2026/27,E0,26/12/2026,15:00,Fulham,Brighton
2026/27,E0,26/12/2026,15:00,Hull,Liverpool
2026/27,E0,26/12/2026,15:00,Ipswich,Brentford
2026/27,E0,26/12/2026,15:00,Man Utd,Nott'm Forest
2026/27,E0,26/12/2026,15:00,Newcastle,Man City
2026/27,E0,26/12/2026,15:00,Spurs,Bournemouth
2026/27,E0,30/12/2026,20:00,Aston Villa,Liverpool
2026/27,E0,30/12/2026,20:00,Coventry,Brentford
2026/27,E0,30/12/2026,20:00,Crystal Palace,Bournemouth
2026/27,E0,30/12/2026,20:00,Everton,Man City
2026/27,E0,30/12/2026,20:00,Fulham,Arsenal
2026/27,E0,30/12/2026,20:00,Hull,Leeds
2026/27,E0,30/12/2026,20:00,Ipswich,Chelsea
2026/27,E0,30/12/2026,20:00,Man Utd,Sunderland
2026/27,E0,30/12/2026,20:00,Newcastle,Nott'm Forest
2026/27,E0,30/12/2026,20:00,Spurs,Brighton
2026/27,E0,02/01/2027,15:00,Bournemouth,Aston Villa
2026/27,E0,02/01/2027,15:00,Arsenal,Ipswich
2026/27,E0,02/01/2027,15:00,Brentford,Crystal Palace
2026/27,E0,02/01/2027,15:00,Brighton,Man Utd
2026/27,E0,02/01/2027,15:00,Chelsea,Newcastle
2026/27,E0,02/01/2027,15:00,Leeds,Everton
2026/27,E0,02/01/2027,15:00,Liverpool,Coventry
2026/27,E0,02/01/2027,15:00,Man City,Spurs
2026/27,E0,02/01/2027,15:00,Nott'm Forest,Fulham
2026/27,E0,02/01/2027,15:00,Sunderland,Hull
2026/27,E0,06/01/2027,20:00,Arsenal,Brentford
2026/27,E0,06/01/2027,20:00,Brighton,Bournemouth
2026/27,E0,06/01/2027,20:00,Crystal Palace,Chelsea
2026/27,E0,06/01/2027,20:00,Everton,Aston Villa
2026/27,E0,06/01/2027,20:00,Fulham,Spurs
2026/27,E0,06/01/2027,20:00,Ipswich,Coventry
2026/27,E0,06/01/2027,20:00,Leeds,Man City
2026/27,E0,06/01/2027,20:00,Man Utd,Newcastle
2026/27,E0,06/01/2027,20:00,Nott'm Forest,Hull
2026/27,E0,06/01/2027,20:00,Sunderland,Liverpool
2026/27,E0,16/01/2027,15:00,Bournemouth,Ipswich
2026/27,E0,16/01/2027,15:00,Aston Villa,Man Utd
2026/27,E0,16/01/2027,15:00,Brentford,Brighton
2026/27,E0,16/01/2027,15:00,Chelsea,Sunderland
2026/27,E0,16/01/2027,15:00,Coventry,Everton
2026/27,E0,16/01/2027,15:00,Hull,Arsenal
2026/27,E0,16/01/2027,15:00,Liverpool,Crystal Palace
2026/27,E0,16/01/2027,15:00,Man City,Nott'm Forest
2026/27,E0,16/01/2027,15:00,Newcastle,Fulham
2026/27,E0,16/01/2027,15:00,Spurs,Leeds
2026/27,E0,23/01/2027,15:00,Arsenal,Newcastle
2026/27,E0,23/01/2027,15:00,Brighton,Man City
2026/27,E0,23/01/2027,15:00,Crystal Palace,Spurs
2026/27,E0,23/01/2027,15:00,Everton,Brentford
2026/27,E0,23/01/2027,15:00,Fulham,Aston Villa
2026/27,E0,23/01/2027,15:00,Ipswich,Hull
2026/27,E0,23/01/2027,15:00,Leeds,Chelsea
2026/27,E0,23/01/2027,15:00,Man Utd,Liverpool
2026/27,E0,23/01/2027,15:00,Nott'm Forest,Bournemouth
2026/27,E0,23/01/2027,15:00,Sunderland,Coventry
2026/27,E0,30/01/2027,15:00,Bournemouth,Fulham
2026/27,E0,30/01/2027,15:00,Aston Villa,Ipswich
2026/27,E0,30/01/2027,15:00,Brentford,Man Utd
2026/27,E0,30/01/2027,15:00,Chelsea,Nott'm Forest
2026/27,E0,30/01/2027,15:00,Coventry,Leeds
2026/27,E0,30/01/2027,15:00,Hull,Crystal Palace
2026/27,E0,30/01/2027,15:00,Liverpool,Everton
2026/27,E0,30/01/2027,15:00,Man City,Arsenal
2026/27,E0,30/01/2027,15:00,Newcastle,Brighton
2026/27,E0,30/01/2027,15:00,Spurs,Sunderland
2026/27,E0,06/02/2027,15:00,Arsenal,Liverpool
2026/27,E0,06/02/2027,15:00,Brighton,Hull
2026/27,E0,06/02/2027,15:00,Crystal Palace,Coventry
2026/27,E0,06/02/2027,15:00,Everton,Newcastle
2026/27,E0,06/02/2027,15:00,Fulham,Man City
2026/27,E0,06/02/2027,15:00,Ipswich,Spurs
2026/27,E0,06/02/2027,15:00,Leeds,Bournemouth
2026/27,E0,06/02/2027,15:00,Man Utd,Chelsea
2026/27,E0,06/02/2027,15:00,Nott'm Forest,Brentford
2026/27,E0,06/02/2027,15:00,Sunderland,Aston Villa
2026/27,E0,10/02/2027,20:00,Aston Villa,Bournemouth
2026/27,E0,10/02/2027,20:00,Coventry,Liverpool
2026/27,E0,10/02/2027,20:00,Crystal Palace,Brentford
2026/27,E0,10/02/2027,20:00,Everton,Leeds
2026/27,E0,10/02/2027,20:00,Fulham,Nott'm Forest
2026/27,E0,10/02/2027,20:00,Hull,Sunderland
2026/27,E0,10/02/2027,20:00,Ipswich,Arsenal
2026/27,E0,10/02/2027,20:00,Man Utd,Brighton
2026/27,E0,10/02/2027,20:00,Newcastle,Chelsea
2026/27,E0,10/02/2027,20:00,Spurs,Man City
2026/27,E0,20/02/2027,15:00,Bournemouth,Crystal Palace
2026/27,E0,20/02/2027,15:00,Arsenal,Fulham
2026/27,E0,20/02/2027,15:00,Brentford,Coventry
2026/27,E0,20/02/2027,15:00,Brighton,Spurs
2026/27,E0,20/02/2027,15:00,Chelsea,Ipswich
2026/27,E0,20/02/2027,15:00,Leeds,Aston Villa
2026/27,E0,20/02/2027,15:00,Liverpool,Hull
2026/27,E0,20/02/2027,15:00,Man City,Newcastle
2026/27,E0,20/02/2027,15:00,Nott'm Forest,Man Utd
2026/27,E0,20/02/2027,15:00,Sunderland,Everton
2026/27,E0,27/02/2027,15:00,Aston Villa,Chelsea
2026/27,E0,27/02/2027,15:00,Coventry,Bournemouth
2026/27,E0,27/02/2027,15:00,Crystal Palace,Sunderland
2026/27,E0,27/02/2027,15:00,Everton,Nott'm Forest
2026/27,E0,27/02/2027,15:00,Fulham,Leeds
2026/27,E0,27/02/2027,15:00,Hull,Man City
2026/27,E0,27/02/2027,15:00,Ipswich,Brighton
2026/27,E0,27/02/2027,15:00,Man Utd,Arsenal
2026/27,E0,27/02/2027,15:00,Newcastle,Brentford
2026/27,E0,27/02/2027,15:00,Spurs,Liverpool
2026/27,E0,03/03/2027,20:00,Bournemouth,Spurs
2026/27,E0,03/03/2027,20:00,Arsenal,Crystal Palace
2026/27,E0,03/03/2027,20:00,Brentford,Ipswich
2026/27,E0,03/03/2027,20:00,Brighton,Fulham
2026/27,E0,03/03/2027,20:00,Chelsea,Coventry
2026/27,E0,03/03/2027,20:00,Leeds,Hull
2026/27,E0,03/03/2027,20:00,Liverpool,Aston Villa
2026/27,E0,03/03/2027,20:00,Man City,Everton
2026/27,E0,03/03/2027,20:00,Nott'm Forest,Newcastle
2026/27,E0,03/03/2027,20:00,Sunderland,Man Utd
2026/27,E0,13/03/2027,15:00,Bournemouth,Newcastle
2026/27,E0,13/03/2027,15:00,Aston Villa,Hull
2026/27,E0,13/03/2027,15:00,Chelsea,Arsenal
2026/27,E0,13/03/2027,15:00,Coventry,Man City
2026/27,E0,13/03/2027,15:00,Crystal Palace,Fulham
2026/27,E0,13/03/2027,15:00,Leeds,Brighton
2026/27,E0,13/03/2027,15:00,Liverpool,Ipswich
2026/27,E0,13/03/2027,15:00,Man Utd,Everton
2026/27,E0,13/03/2027,15:00,Sunderland,Brentford
2026/27,E0,13/03/2027,15:00,Spurs,Nott'm Forest
2026/27,E0,20/03/2027,15:00,Arsenal,Sunderland
2026/27,E0,20/03/2027,15:00,Brentford,Bournemouth
2026/27,E0,20/03/2027,15:00,Brighton,Coventry
2026/27,E0,20/03/2027,15:00,Everton,Spurs
2026/27,E0,20/03/2027,15:00,Fulham,Liverpool
2026/27,E0,20/03/2027,15:00,Hull,Chelsea
2026/27,E0,20/03/2027,15:00,Ipswich,Crystal Palace
2026/27,E0,20/03/2027,15:00,Man City,Man Utd
2026/27,E0,20/03/2027,15:00,Newcastle,Leeds
2026/27,E0,20/03/2027,15:00,Nott'm Forest,Aston Villa
2026/27,E0,10/04/2027,15:00,Bournemouth,Man City
2026/27,E0,10/04/2027,15:00,Aston Villa,Brighton
2026/27,E0,10/04/2027,15:00,Chelsea,Fulham
2026/27,E0,10/04/2027,15:00,Coventry,Arsenal
2026/27,E0,10/04/2027,15:00,Crystal Palace,Everton
2026/27,E0,10/04/2027,15:00,Leeds,Nott'm Forest
2026/27,E0,10/04/2027,15:00,Liverpool,Newcastle
2026/27,E0,10/04/2027,15:00,Man Utd,Hull
2026/27,E0,10/04/2027,15:00,Sunderland,Ipswich
2026/27,E0,10/04/2027,15:00,Spurs,Brentford
2026/27,E0,17/04/2027,15:00,Arsenal,Aston Villa
2026/27,E0,17/04/2027,15:00,Brentford,Leeds
2026/27,E0,17/04/2027,15:00,Brighton,Chelsea
2026/27,E0,17/04/2027,15:00,Everton,Bournemouth
2026/27,E0,17/04/2027,15:00,Fulham,Sunderland
2026/27,E0,17/04/2027,15:00,Hull,Coventry
2026/27,E0,17/04/2027,15:00,Ipswich,Man Utd
2026/27,E0,17/04/2027,15:00,Man City,Crystal Palace
2026/27,E0,17/04/2027,15:00,Newcastle,Spurs
2026/27,E0,17/04/2027,15:00,Nott'm Forest,Liverpool
2026/27,E0,24/04/2027,15:00,Bournemouth,Arsenal
2026/27,E0,24/04/2027,15:00,Aston Villa,Coventry
2026/27,E0,24/04/2027,15:00,Brentford,Fulham
2026/27,E0,24/04/2027,15:00,Chelsea,Man City
2026/27,E0,24/04/2027,15:00,Everton,Brighton
2026/27,E0,24/04/2027,15:00,Leeds,Liverpool
2026/27,E0,24/04/2027,15:00,Man Utd,Crystal Palace
2026/27,E0,24/04/2027,15:00,Newcastle,Ipswich
2026/27,E0,24/04/2027,15:00,Nott'm Forest,Sunderland
2026/27,E0,24/04/2027,15:00,Spurs,Hull
2026/27,E0,01/05/2027,15:00,Arsenal,Spurs
2026/27,E0,01/05/2027,15:00,Brighton,Nott'm Forest
2026/27,E0,01/05/2027,15:00,Coventry,Man Utd
2026/27,E0,01/05/2027,15:00,Crystal Palace,Aston Villa
2026/27,E0,01/05/2027,15:00,Fulham,Everton
2026/27,E0,01/05/2027,15:00,Hull,Bournemouth
2026/27,E0,01/05/2027,15:00,Ipswich,Leeds
2026/27,E0,01/05/2027,15:00,Liverpool,Chelsea
2026/27,E0,01/05/2027,15:00,Man City,Brentford
2026/27,E0,01/05/2027,15:00,Sunderland,Newcastle
2026/27,E0,08/05/2027,15:00,Bournemouth,Man Utd
2026/27,E0,08/05/2027,15:00,Brentford,Aston Villa
2026/27,E0,08/05/2027,15:00,Brighton,Sunderland
2026/27,E0,08/05/2027,15:00,Everton,Hull
2026/27,E0,08/05/2027,15:00,Fulham,Ipswich
2026/27,E0,08/05/2027,15:00,Leeds,Arsenal
2026/27,E0,08/05/2027,15:00,Man City,Liverpool
2026/27,E0,08/05/2027,15:00,Newcastle,Coventry
2026/27,E0,08/05/2027,15:00,Nott'm Forest,Crystal Palace
2026/27,E0,08/05/2027,15:00,Spurs,Chelsea
2026/27,E0,15/05/2027,15:00,Arsenal,Nott'm Forest
2026/27,E0,15/05/2027,15:00,Aston Villa,Newcastle
2026/27,E0,15/05/2027,15:00,Chelsea,Everton
2026/27,E0,15/05/2027,15:00,Coventry,Spurs
2026/27,E0,15/05/2027,15:00,Crystal Palace,Brighton
2026/27,E0,15/05/2027,15:00,Hull,Fulham
2026/27,E0,15/05/2027,15:00,Ipswich,Man City
2026/27,E0,15/05/2027,15:00,Liverpool,Brentford
2026/27,E0,15/05/2027,15:00,Man Utd,Leeds
2026/27,E0,15/05/2027,15:00,Sunderland,Bournemouth
2026/27,E0,23/05/2027,15:00,Bournemouth,Chelsea
2026/27,E0,23/05/2027,15:00,Brentford,Hull
2026/27,E0,23/05/2027,15:00,Brighton,Liverpool
2026/27,E0,23/05/2027,15:00,Everton,Arsenal
2026/27,E0,23/05/2027,15:00,Fulham,Coventry
2026/27,E0,23/05/2027,15:00,Leeds,Sunderland
2026/27,E0,23/05/2027,15:00,Man City,Aston Villa
2026/27,E0,23/05/2027,15:00,Newcastle,Crystal Palace
2026/27,E0,23/05/2027,15:00,Nott'm Forest,Ipswich
2026/27,E0,23/05/2027,15:00,Spurs,Man Utd
2026/27,E0,30/05/2027,16:00,Arsenal,Brighton
2026/27,E0,30/05/2027,16:00,Aston Villa,Spurs
2026/27,E0,30/05/2027,16:00,Chelsea,Brentford
2026/27,E0,30/05/2027,16:00,Coventry,Nott'm Forest
2026/27,E0,30/05/2027,16:00,Crystal Palace,Leeds
2026/27,E0,30/05/2027,16:00,Hull,Newcastle
2026/27,E0,30/05/2027,16:00,Ipswich,Everton
2026/27,E0,30/05/2027,16:00,Liverpool,Bournemouth
2026/27,E0,30/05/2027,16:00,Man Utd,Fulham
2026/27,E0,30/05/2027,16:00,Sunderland,Man City
2026/27,F1,21/08/2026,18:45,Olympique de Marseille,RC Strasbourg Alsace
2026/27,F1,22/08/2026,15:15,RC Lens,AJ Auxerre
2026/27,F1,22/08/2026,18:45,Le Mans FC,Stade Brestois 29
2026/27,F1,22/08/2026,18:45,OGC Nice,FC Lorient
2026/27,F1,22/08/2026,18:45,Toulouse FC,Olympique Lyonnais
2026/27,F1,22/08/2026,18:45,Estac Troyes,Paris FC
2026/27,F1,23/08/2026,13:00,Angers SCO,LOSC Lille
2026/27,F1,23/08/2026,15:15,Havre Athletic Club,AS Monaco
2026/27,F1,23/08/2026,18:45,Paris Saint-Germain,Stade Rennais FC
2026/27,F1,28/08/2026,18:45,LOSC Lille,Paris Saint-Germain
2026/27,F1,29/08/2026,15:15,RC Strasbourg Alsace,RC Lens
2026/27,F1,29/08/2026,18:45,AJ Auxerre,Angers SCO
2026/27,F1,29/08/2026,18:45,Stade Brestois 29,Toulouse FC
2026/27,F1,29/08/2026,18:45,FC Lorient,Estac Troyes
2026/27,F1,29/08/2026,18:45,Olympique Lyonnais,Havre Athletic Club
2026/27,F1,30/08/2026,13:00,Paris FC,OGC Nice
2026/27,F1,30/08/2026,15:15,Stade Rennais FC,Le Mans FC
2026/27,F1,30/08/2026,18:45,AS Monaco,Olympique de Marseille
2026/27,F1,03/09/2026,18:45,Toulouse FC,LOSC Lille
2026/27,F1,04/09/2026,18:45,Paris Saint-Germain,AS Monaco
2026/27,F1,04/09/2026,22:00,Olympique Lyonnais,AJ Auxerre
2026/27,F1,05/09/2026,15:15,RC Lens,FC Lorient
2026/27,F1,05/09/2026,18:45,Havre Athletic Club,Stade Brestois 29
2026/27,F1,05/09/2026,18:45,OGC Nice,Le Mans FC
2026/27,F1,06/09/2026,13:00,Estac Troyes,RC Strasbourg Alsace
2026/27,F1,06/09/2026,15:15,Angers SCO,Stade Rennais FC
2026/27,F1,06/09/2026,18:45,Olympique de Marseille,Paris FC
2026/27,F1,11/09/2026,18:45,Stade Rennais FC,Olympique de Marseille
2026/27,F1,12/09/2026,15:15,RC Strasbourg Alsace,AS Monaco
2026/27,F1,12/09/2026,18:45,AJ Auxerre,OGC Nice
2026/27,F1,12/09/2026,18:45,Havre Athletic Club,Angers SCO
2026/27,F1,12/09/2026,18:45,FC Lorient,Toulouse FC
2026/27,F1,12/09/2026,18:45,Paris FC,Olympique Lyonnais
2026/27,F1,13/09/2026,13:00,LOSC Lille,Estac Troyes
2026/27,F1,13/09/2026,15:15,Le Mans FC,RC Lens
2026/27,F1,13/09/2026,18:45,Stade Brestois 29,Paris Saint-Germain
2026/27,F1,18/09/2026,22:00,Angers SCO,Estac Troyes
2026/27,F1,18/09/2026,22:00,AJ Auxerre,Stade Brestois 29
2026/27,F1,18/09/2026,22:00,Le Mans FC,FC Lorient
2026/27,F1,18/09/2026,22:00,Olympique Lyonnais,Stade Rennais FC
2026/27,F1,18/09/2026,22:00,Olympique de Marseille,Paris Saint-Germain
2026/27,F1,18/09/2026,22:00,AS Monaco,RC Lens
2026/27,F1,18/09/2026,22:00,OGC Nice,LOSC Lille
2026/27,F1,18/09/2026,22:00,Paris FC,RC Strasbourg Alsace
2026/27,F1,18/09/2026,22:00,Toulouse FC,Havre Athletic Club
2026/27,F1,09/10/2026,22:00,Stade Brestois 29,Angers SCO
2026/27,F1,09/10/2026,22:00,RC Lens,Olympique Lyonnais
2026/27,F1,09/10/2026,22:00,LOSC Lille,Havre Athletic Club
2026/27,F1,09/10/2026,22:00,FC Lorient,Paris FC
2026/27,F1,09/10/2026,22:00,AS Monaco,Toulouse FC
2026/27,F1,09/10/2026,22:00,OGC Nice,RC Strasbourg Alsace
2026/27,F1,09/10/2026,22:00,Paris Saint-Germain,Le Mans FC
2026/27,F1,09/10/2026,22:00,Stade Rennais FC,AJ Auxerre
2026/27,F1,09/10/2026,22:00,Estac Troyes,Olympique de Marseille
2026/27,F1,16/10/2026,22:00,Angers SCO,Olympique de Marseille
2026/27,F1,16/10/2026,22:00,Havre Athletic Club,AJ Auxerre
2026/27,F1,16/10/2026,22:00,Le Mans FC,Toulouse FC
2026/27,F1,16/10/2026,22:00,LOSC Lille,Stade Brestois 29
2026/27,F1,16/10/2026,22:00,FC Lorient,AS Monaco
2026/27,F1,16/10/2026,22:00,Olympique Lyonnais,OGC Nice
2026/27,F1,16/10/2026,22:00,Paris FC,Stade Rennais FC
2026/27,F1,16/10/2026,22:00,RC Strasbourg Alsace,Paris Saint-Germain
2026/27,F1,16/10/2026,22:00,Estac Troyes,RC Lens
2026/27,F1,23/10/2026,22:00,Angers SCO,FC Lorient
2026/27,F1,23/10/2026,22:00,AJ Auxerre,Le Mans FC
2026/27,F1,23/10/2026,22:00,Stade Brestois 29,OGC Nice
2026/27,F1,23/10/2026,22:00,RC Lens,Paris FC
2026/27,F1,23/10/2026,22:00,Olympique de Marseille,Havre Athletic Club
2026/27,F1,23/10/2026,22:00,AS Monaco,LOSC Lille
2026/27,F1,23/10/2026,22:00,Paris Saint-Germain,Olympique Lyonnais
2026/27,F1,23/10/2026,22:00,Stade Rennais FC,RC Strasbourg Alsace
2026/27,F1,23/10/2026,22:00,Toulouse FC,Estac Troyes
2026/27,F1,30/10/2026,23:00,Havre Athletic Club,Paris Saint-Germain
2026/27,F1,30/10/2026,23:00,LOSC Lille,RC Lens
2026/27,F1,30/10/2026,23:00,FC Lorient,Stade Brestois 29
2026/27,F1,30/10/2026,23:00,Olympique Lyonnais,Angers SCO
2026/27,F1,30/10/2026,23:00,Olympique de Marseille,Toulouse FC
2026/27,F1,30/10/2026,23:00,OGC Nice,Stade Rennais FC
2026/27,F1,30/10/2026,23:00,Paris FC,AS Monaco
2026/27,F1,30/10/2026,23:00,RC Strasbourg Alsace,AJ Auxerre
2026/27,F1,30/10/2026,23:00,Estac Troyes,Le Mans FC
2026/27,F1,06/11/2026,23:00,Angers SCO,OGC Nice
2026/27,F1,06/11/2026,23:00,AJ Auxerre,Paris FC
2026/27,F1,06/11/2026,23:00,Stade Brestois 29,Olympique Lyonnais
2026/27,F1,06/11/2026,23:00,Havre Athletic Club,FC Lorient
2026/27,F1,06/11/2026,23:00,Le Mans FC,AS Monaco
2026/27,F1,06/11/2026,23:00,RC Lens,Olympique de Marseille
2026/27,F1,06/11/2026,23:00,Paris Saint-Germain,Estac Troyes
2026/27,F1,06/11/2026,23:00,Stade Rennais FC,LOSC Lille
2026/27,F1,06/11/2026,23:00,Toulouse FC,RC Strasbourg Alsace
2026/27,F1,20/11/2026,23:00,RC Lens,Toulouse FC
2026/27,F1,20/11/2026,23:00,LOSC Lille,Olympique Lyonnais
2026/27,F1,20/11/2026,23:00,FC Lorient,Stade Rennais FC
2026/27,F1,20/11/2026,23:00,Olympique de Marseille,Le Mans FC
2026/27,F1,20/11/2026,23:00,AS Monaco,AJ Auxerre
2026/27,F1,20/11/2026,23:00,OGC Nice,Paris Saint-Germain
2026/27,F1,20/11/2026,23:00,Paris FC,Angers SCO
2026/27,F1,20/11/2026,23:00,RC Strasbourg Alsace,Stade Brestois 29
2026/27,F1,20/11/2026,23:00,Estac Troyes,Havre Athletic Club
2026/27,F1,27/11/2026,23:00,Angers SCO,RC Lens
2026/27,F1,27/11/2026,23:00,AJ Auxerre,Olympique de Marseille
2026/27,F1,27/11/2026,23:00,Stade Brestois 29,Paris FC
2026/27,F1,27/11/2026,23:00,Havre Athletic Club,RC Strasbourg Alsace
2026/27,F1,27/11/2026,23:00,Le Mans FC,LOSC Lille
2026/27,F1,27/11/2026,23:00,Olympique Lyonnais,AS Monaco
2026/27,F1,27/11/2026,23:00,OGC Nice,Estac Troyes
2026/27,F1,27/11/2026,23:00,Paris Saint-Germain,FC Lorient
2026/27,F1,27/11/2026,23:00,Toulouse FC,Stade Rennais FC
2026/27,F1,04/12/2026,23:00,RC Lens,Havre Athletic Club
2026/27,F1,04/12/2026,23:00,LOSC Lille,AJ Auxerre
2026/27,F1,04/12/2026,23:00,Olympique de Marseille,OGC Nice
2026/27,F1,04/12/2026,23:00,AS Monaco,Angers SCO
2026/27,F1,04/12/2026,23:00,Paris FC,Le Mans FC
2026/27,F1,04/12/2026,23:00,Stade Rennais FC,Stade Brestois 29
2026/27,F1,04/12/2026,23:00,RC Strasbourg Alsace,FC Lorient
2026/27,F1,04/12/2026,23:00,Toulouse FC,Paris Saint-Germain
2026/27,F1,04/12/2026,23:00,Estac Troyes,Olympique Lyonnais
2026/27,F1,11/12/2026,23:00,Angers SCO,RC Strasbourg Alsace
2026/27,F1,11/12/2026,23:00,AJ Auxerre,Toulouse FC
2026/27,F1,11/12/2026,23:00,Stade Brestois 29,Estac Troyes
2026/27,F1,11/12/2026,23:00,Havre Athletic Club,Le Mans FC
2026/27,F1,11/12/2026,23:00,FC Lorient,LOSC Lille
2026/27,F1,11/12/2026,23:00,Olympique Lyonnais,Olympique de Marseille
2026/27,F1,11/12/2026,23:00,OGC Nice,RC Lens
2026/27,F1,11/12/2026,23:00,Paris Saint-Germain,Paris FC
2026/27,F1,11/12/2026,23:00,Stade Rennais FC,AS Monaco
2026/27,F1,01/01/2027,23:00,Stade Brestois 29,Olympique de Marseille
2026/27,F1,01/01/2027,23:00,Le Mans FC,Olympique Lyonnais
2026/27,F1,01/01/2027,23:00,RC Lens,Paris Saint-Germain
2026/27,F1,01/01/2027,23:00,LOSC Lille,RC Strasbourg Alsace
2026/27,F1,01/01/2027,23:00,FC Lorient,AJ Auxerre
2026/27,F1,01/01/2027,23:00,AS Monaco,OGC Nice
2026/27,F1,01/01/2027,23:00,Paris FC,Havre Athletic Club
2026/27,F1,01/01/2027,23:00,Toulouse FC,Angers SCO
2026/27,F1,01/01/2027,23:00,Estac Troyes,Stade Rennais FC
2026/27,F1,15/01/2027,23:00,Angers SCO,Paris Saint-Germain
2026/27,F1,15/01/2027,23:00,AJ Auxerre,Estac Troyes
2026/27,F1,15/01/2027,23:00,Olympique Lyonnais,FC Lorient
2026/27,F1,15/01/2027,23:00,Olympique de Marseille,LOSC Lille
2026/27,F1,15/01/2027,23:00,AS Monaco,Stade Brestois 29
2026/27,F1,15/01/2027,23:00,OGC Nice,Havre Athletic Club
2026/27,F1,15/01/2027,23:00,Paris FC,Toulouse FC
2026/27,F1,15/01/2027,23:00,Stade Rennais FC,RC Lens
2026/27,F1,15/01/2027,23:00,RC Strasbourg Alsace,Le Mans FC
2026/27,F1,22/01/2027,23:00,Havre Athletic Club,Stade Rennais FC
2026/27,F1,22/01/2027,23:00,Le Mans FC,Angers SCO
2026/27,F1,22/01/2027,23:00,RC Lens,Stade Brestois 29
2026/27,F1,22/01/2027,23:00,LOSC Lille,Paris FC
2026/27,F1,22/01/2027,23:00,FC Lorient,Olympique de Marseille
2026/27,F1,22/01/2027,23:00,Paris Saint-Germain,AJ Auxerre
2026/27,F1,22/01/2027,23:00,RC Strasbourg Alsace,Olympique Lyonnais
2026/27,F1,22/01/2027,23:00,Toulouse FC,OGC Nice
2026/27,F1,22/01/2027,23:00,Estac Troyes,AS Monaco
2026/27,F1,29/01/2027,23:00,Angers SCO,Havre Athletic Club
2026/27,F1,29/01/2027,23:00,Stade Brestois 29,RC Strasbourg Alsace
2026/27,F1,29/01/2027,23:00,Le Mans FC,OGC Nice
2026/27,F1,29/01/2027,23:00,Olympique Lyonnais,LOSC Lille
2026/27,F1,29/01/2027,23:00,Olympique de Marseille,Estac Troyes
2026/27,F1,29/01/2027,23:00,AS Monaco,Paris Saint-Germain
2026/27,F1,29/01/2027,23:00,Paris FC,AJ Auxerre
2026/27,F1,29/01/2027,23:00,Stade Rennais FC,FC Lorient
2026/27,F1,29/01/2027,23:00,Toulouse FC,RC Lens
2026/27,F1,05/02/2027,23:00,AJ Auxerre,AS Monaco
2026/27,F1,05/02/2027,23:00,Havre Athletic Club,Toulouse FC
2026/27,F1,05/02/2027,23:00,RC Lens,Angers SCO
2026/27,F1,05/02/2027,23:00,FC Lorient,Le Mans FC
2026/27,F1,05/02/2027,23:00,OGC Nice,Stade Brestois 29
2026/27,F1,05/02/2027,23:00,Paris Saint-Germain,Olympique de Marseille
2026/27,F1,05/02/2027,23:00,Stade Rennais FC,Olympique Lyonnais
2026/27,F1,05/02/2027,23:00,RC Strasbourg Alsace,Paris FC
2026/27,F1,05/02/2027,23:00,Estac Troyes,LOSC Lille
2026/27,F1,12/02/2027,23:00,AJ Auxerre,RC Strasbourg Alsace
2026/27,F1,12/02/2027,23:00,Stade Brestois 29,Stade Rennais FC
2026/27,F1,12/02/2027,23:00,Le Mans FC,Paris Saint-Germain
2026/27,F1,12/02/2027,23:00,LOSC Lille,OGC Nice
2026/27,F1,12/02/2027,23:00,FC Lorient,Havre Athletic Club
2026/27,F1,12/02/2027,23:00,Olympique Lyonnais,RC Lens
2026/27,F1,12/02/2027,23:00,Olympique de Marseille,Angers SCO
2026/27,F1,12/02/2027,23:00,Paris FC,Estac Troyes
2026/27,F1,12/02/2027,23:00,Toulouse FC,AS Monaco
2026/27,F1,19/02/2027,23:00,Angers SCO,Paris FC
2026/27,F1,19/02/2027,23:00,Havre Athletic Club,Olympique Lyonnais
2026/27,F1,19/02/2027,23:00,LOSC Lille,FC Lorient
2026/27,F1,19/02/2027,23:00,AS Monaco,Le Mans FC
2026/27,F1,19/02/2027,23:00,OGC Nice,AJ Auxerre
2026/27,F1,19/02/2027,23:00,Paris Saint-Germain,Stade Brestois 29
2026/27,F1,19/02/2027,23:00,Stade Rennais FC,Toulouse FC
2026/27,F1,19/02/2027,23:00,RC Strasbourg Alsace,Olympique de Marseille
2026/27,F1,19/02/2027,23:00,RC Lens,Estac Troyes
2026/27,F1,26/02/2027,23:00,AJ Auxerre,LOSC Lille
2026/27,F1,26/02/2027,23:00,Stade Brestois 29,AS Monaco
2026/27,F1,26/02/2027,23:00,Le Mans FC,Paris FC
2026/27,F1,26/02/2027,23:00,FC Lorient,Angers SCO
2026/27,F1,26/02/2027,23:00,Olympique Lyonnais,Toulouse FC
2026/27,F1,26/02/2027,23:00,Olympique de Marseille,Stade Rennais FC
2026/27,F1,26/02/2027,23:00,Paris Saint-Germain,RC Lens
2026/27,F1,26/02/2027,23:00,RC Strasbourg Alsace,Havre Athletic Club
2026/27,F1,26/02/2027,23:00,Estac Troyes,OGC Nice
2026/27,F1,05/03/2027,23:00,Angers SCO,AJ Auxerre
2026/27,F1,05/03/2027,23:00,Havre Athletic Club,OGC Nice
2026/27,F1,05/03/2027,23:00,RC Lens,RC Strasbourg Alsace
2026/27,F1,05/03/2027,23:00,LOSC Lille,Olympique de Marseille
2026/27,F1,05/03/2027,23:00,AS Monaco,Olympique Lyonnais
2026/27,F1,05/03/2027,23:00,Paris FC,Stade Brestois 29
2026/27,F1,05/03/2027,23:00,Stade Rennais FC,Paris Saint-Germain
2026/27,F1,05/03/2027,23:00,Toulouse FC,Le Mans FC
2026/27,F1,05/03/2027,23:00,Estac Troyes,FC Lorient
2026/27,F1,12/03/2027,23:00,AJ Auxerre,Paris Saint-Germain
2026/27,F1,12/03/2027,23:00,Stade Brestois 29,LOSC Lille
2026/27,F1,12/03/2027,23:00,Havre Athletic Club,RC Lens
2026/27,F1,12/03/2027,23:00,Le Mans FC,Stade Rennais FC
2026/27,F1,12/03/2027,23:00,Olympique Lyonnais,Estac Troyes
2026/27,F1,12/03/2027,23:00,Olympique de Marseille,AS Monaco
2026/27,F1,12/03/2027,23:00,OGC Nice,Toulouse FC
2026/27,F1,12/03/2027,23:00,Paris FC,FC Lorient
2026/27,F1,12/03/2027,23:00,RC Strasbourg Alsace,Angers SCO
2026/27,F1,19/03/2027,23:00,Angers SCO,Le Mans FC
2026/27,F1,19/03/2027,23:00,RC Lens,LOSC Lille
2026/27,F1,19/03/2027,23:00,FC Lorient,OGC Nice
2026/27,F1,19/03/2027,23:00,Olympique de Marseille,Olympique Lyonnais
2026/27,F1,19/03/2027,23:00,AS Monaco,Havre Athletic Club
2026/27,F1,19/03/2027,23:00,Paris Saint-Germain,RC Strasbourg Alsace
2026/27,F1,19/03/2027,23:00,Stade Rennais FC,Paris FC
2026/27,F1,19/03/2027,23:00,Toulouse FC,Stade Brestois 29
2026/27,F1,19/03/2027,23:00,Estac Troyes,AJ Auxerre
2026/27,F1,02/04/2027,22:00,Angers SCO,AS Monaco
2026/27,F1,02/04/2027,22:00,AJ Auxerre,RC Lens
2026/27,F1,02/04/2027,22:00,Stade Brestois 29,FC Lorient
2026/27,F1,02/04/2027,22:00,Havre Athletic Club,Estac Troyes
2026/27,F1,02/04/2027,22:00,Le Mans FC,Olympique de Marseille
2026/27,F1,02/04/2027,22:00,LOSC Lille,Stade Rennais FC
2026/27,F1,02/04/2027,22:00,OGC Nice,Olympique Lyonnais
2026/27,F1,02/04/2027,22:00,Paris FC,Paris Saint-Germain
2026/27,F1,02/04/2027,22:00,RC Strasbourg Alsace,Toulouse FC
2026/27,F1,09/04/2027,22:00,Le Mans FC,AJ Auxerre
2026/27,F1,09/04/2027,22:00,LOSC Lille,Toulouse FC
2026/27,F1,09/04/2027,22:00,FC Lorient,RC Lens
2026/27,F1,09/04/2027,22:00,Olympique Lyonnais,RC Strasbourg Alsace
2026/27,F1,09/04/2027,22:00,Olympique de Marseille,Stade Brestois 29
2026/27,F1,09/04/2027,22:00,AS Monaco,Stade Rennais FC
2026/27,F1,09/04/2027,22:00,OGC Nice,Paris FC
2026/27,F1,09/04/2027,22:00,Paris Saint-Germain,Havre Athletic Club
2026/27,F1,09/04/2027,22:00,Estac Troyes,Angers SCO
2026/27,F1,16/04/2027,22:00,Angers SCO,Olympique Lyonnais
2026/27,F1,16/04/2027,22:00,AJ Auxerre,FC Lorient
2026/27,F1,16/04/2027,22:00,Stade Brestois 29,Le Mans FC
2026/27,F1,16/04/2027,22:00,Havre Athletic Club,Olympique de Marseille
2026/27,F1,16/04/2027,22:00,RC Lens,OGC Nice
2026/27,F1,16/04/2027,22:00,AS Monaco,RC Strasbourg Alsace
2026/27,F1,16/04/2027,22:00,Paris Saint-Germain,LOSC Lille
2026/27,F1,16/04/2027,22:00,Stade Rennais FC,Estac Troyes
2026/27,F1,16/04/2027,22:00,Toulouse FC,Paris FC
2026/27,F1,23/04/2027,22:00,Le Mans FC,Havre Athletic Club
2026/27,F1,23/04/2027,22:00,LOSC Lille,AS Monaco
2026/27,F1,23/04/2027,22:00,FC Lorient,Paris Saint-Germain
2026/27,F1,23/04/2027,22:00,Olympique Lyonnais,Stade Brestois 29
2026/27,F1,23/04/2027,22:00,Olympique de Marseille,AJ Auxerre
2026/27,F1,23/04/2027,22:00,OGC Nice,Angers SCO
2026/27,F1,23/04/2027,22:00,Paris FC,RC Lens
2026/27,F1,23/04/2027,22:00,RC Strasbourg Alsace,Stade Rennais FC
2026/27,F1,23/04/2027,22:00,Estac Troyes,Toulouse FC
2026/27,F1,30/04/2027,22:00,AJ Auxerre,Olympique Lyonnais
2026/27,F1,30/04/2027,22:00,Havre Athletic Club,Paris FC
2026/27,F1,30/04/2027,22:00,RC Lens,Le Mans FC
2026/27,F1,30/04/2027,22:00,AS Monaco,FC Lorient
2026/27,F1,30/04/2027,22:00,Paris Saint-Germain,Angers SCO
2026/27,F1,30/04/2027,22:00,Stade Rennais FC,OGC Nice
2026/27,F1,30/04/2027,22:00,RC Strasbourg Alsace,LOSC Lille
2026/27,F1,30/04/2027,22:00,Toulouse FC,Olympique de Marseille
2026/27,F1,30/04/2027,22:00,Estac Troyes,Stade Brestois 29
2026/27,F1,07/05/2027,22:00,Angers SCO,Toulouse FC
2026/27,F1,07/05/2027,22:00,Stade Brestois 29,AJ Auxerre
2026/27,F1,07/05/2027,22:00,Le Mans FC,Estac Troyes
2026/27,F1,07/05/2027,22:00,RC Lens,AS Monaco
2026/27,F1,07/05/2027,22:00,FC Lorient,RC Strasbourg Alsace
2026/27,F1,07/05/2027,22:00,Olympique Lyonnais,Paris Saint-Germain
2026/27,F1,07/05/2027,22:00,OGC Nice,Olympique de Marseille
2026/27,F1,07/05/2027,22:00,Paris FC,LOSC Lille
2026/27,F1,07/05/2027,22:00,Stade Rennais FC,Havre Athletic Club
2026/27,F1,15/05/2027,22:00,AJ Auxerre,Stade Rennais FC
2026/27,F1,15/05/2027,22:00,Stade Brestois 29,Havre Athletic Club
2026/27,F1,15/05/2027,22:00,LOSC Lille,Angers SCO
2026/27,F1,15/05/2027,22:00,Olympique Lyonnais,Le Mans FC
2026/27,F1,15/05/2027,22:00,Olympique de Marseille,RC Lens
2026/27,F1,15/05/2027,22:00,AS Monaco,Paris FC
2026/27,F1,15/05/2027,22:00,Paris Saint-Germain,OGC Nice
2026/27,F1,15/05/2027,22:00,RC Strasbourg Alsace,Estac Troyes
2026/27,F1,15/05/2027,22:00,Toulouse FC,FC Lorient
2026/27,F1,21/05/2027,22:00,Angers SCO,Stade Brestois 29
2026/27,F1,21/05/2027,22:00,Havre Athletic Club,LOSC Lille
2026/27,F1,21/05/2027,22:00,Le Mans FC,RC Strasbourg Alsace
2026/27,F1,21/05/2027,22:00,RC Lens,Stade Rennais FC
2026/27,F1,21/05/2027,22:00,FC Lorient,Olympique Lyonnais
2026/27,F1,21/05/2027,22:00,OGC Nice,AS Monaco
2026/27,F1,21/05/2027,22:00,Paris FC,Olympique de Marseille
2026/27,F1,21/05/2027,22:00,Toulouse FC,AJ Auxerre
2026/27,F1,21/05/2027,22:00,Estac Troyes,Paris Saint-Germain
2026/27,F1,28/05/2027,22:00,AJ Auxerre,Havre Athletic Club
2026/27,F1,28/05/2027,22:00,Stade Brestois 29,RC Lens
2026/27,F1,28/05/2027,22:00,LOSC Lille,Le Mans FC
2026/27,F1,28/05/2027,22:00,Olympique Lyonnais,Paris FC
2026/27,F1,28/05/2027,22:00,Olympique de Marseille,FC Lorient
2026/27,F1,28/05/2027,22:00,AS Monaco,Estac Troyes
2026/27,F1,28/05/2027,22:00,Paris Saint-Germain,Toulouse FC
2026/27,F1,28/05/2027,22:00,Stade Rennais FC,Angers SCO
2026/27,F1,28/05/2027,22:00,RC Strasbourg Alsace,OGC Nice
2026/27,I1,22/08/2026,16:30,Internazionale,Monza
2026/27,I1,22/08/2026,16:30,Udinese,Como
2026/27,I1,22/08/2026,18:45,Genoa,Napoli
2026/27,I1,22/08/2026,18:45,Parma,Cagliari
2026/27,I1,23/08/2026,16:30,Frosinone,Juventus
2026/27,I1,23/08/2026,16:30,Venezia,Lecce
2026/27,I1,23/08/2026,18:45,Atalanta,Sassuolo
2026/27,I1,23/08/2026,18:45,Torino,Milan
2026/27,I1,24/08/2026,16:30,Bologna,Lazio
2026/27,I1,24/08/2026,18:45,Roma,Fiorentina
2026/27,I1,28/08/2026,18:45,Milan,Venezia
2026/27,I1,29/08/2026,16:30,Fiorentina,Frosinone
2026/27,I1,29/08/2026,16:30,Monza,Udinese
2026/27,I1,29/08/2026,16:30,Sassuolo,Torino
2026/27,I1,29/08/2026,18:45,Juventus,Parma
2026/27,I1,30/08/2026,16:30,Napoli,Como
2026/27,I1,30/08/2026,18:45,Cagliari,Internazionale
2026/27,I1,30/08/2026,18:45,Lazio,Genoa
2026/27,I1,31/08/2026,16:30,Lecce,Roma
2026/27,I1,31/08/2026,18:45,Atalanta,Bologna
2026/27,I1,04/09/2026,18:45,Genoa,Como
2026/27,I1,05/09/2026,13:00,Fiorentina,Torino
2026/27,I1,05/09/2026,16:00,Internazionale,Napoli
2026/27,I1,05/09/2026,18:45,Roma,Atalanta
2026/27,I1,06/09/2026,13:00,Frosinone,Venezia
2026/27,I1,06/09/2026,13:00,Parma,Monza
2026/27,I1,06/09/2026,16:00,Bologna,Sassuolo
2026/27,I1,06/09/2026,18:45,Juventus,Milan
2026/27,I1,07/09/2026,16:00,Cagliari,Lecce
2026/27,I1,07/09/2026,18:45,Udinese,Lazio
2026/27,I1,11/09/2026,18:45,Venezia,Fiorentina
2026/27,I1,12/09/2026,13:00,Genoa,Frosinone
2026/27,I1,12/09/2026,16:00,Sassuolo,Juventus
2026/27,I1,12/09/2026,18:45,Atalanta,Cagliari
2026/27,I1,13/09/2026,10:30,Torino,Roma
2026/27,I1,13/09/2026,13:00,Como,Parma
2026/27,I1,13/09/2026,13:00,Lecce,Monza
2026/27,I1,13/09/2026,16:00,Napoli,Bologna
2026/27,I1,13/09/2026,18:45,Lazio,Milan
2026/27,I1,14/09/2026,18:45,Internazionale,Udinese
2026/27,I1,18/09/2026,18:45,Monza,Sassuolo
2026/27,I1,19/09/2026,13:00,Bologna,Torino
2026/27,I1,19/09/2026,13:00,Udinese,Cagliari
2026/27,I1,19/09/2026,16:00,Roma,Internazionale
2026/27,I1,19/09/2026,18:45,Venezia,Lazio
2026/27,I1,20/09/2026,10:30,Fiorentina,Napoli
2026/27,I1,20/09/2026,13:00,Frosinone,Como
2026/27,I1,20/09/2026,13:00,Parma,Genoa
2026/27,I1,20/09/2026,16:00,Juventus,Atalanta
2026/27,I1,20/09/2026,18:45,Milan,Lecce
2026/27,I1,10/10/2026,00:00,Atalanta,Venezia
2026/27,I1,10/10/2026,00:00,Cagliari,Juventus
2026/27,I1,10/10/2026,00:00,Como,Roma
2026/27,I1,10/10/2026,00:00,Genoa,Fiorentina
2026/27,I1,10/10/2026,00:00,Internazionale,Parma
2026/27,I1,10/10/2026,00:00,Lazio,Monza
2026/27,I1,10/10/2026,00:00,Lecce,Bologna
2026/27,I1,10/10/2026,00:00,Napoli,Frosinone
2026/27,I1,10/10/2026,00:00,Sassuolo,Milan
2026/27,I1,10/10/2026,00:00,Torino,Udinese
2026/27,I1,17/10/2026,00:00,Bologna,Internazionale
2026/27,I1,17/10/2026,00:00,Fiorentina,Como
2026/27,I1,17/10/2026,00:00,Frosinone,Sassuolo
2026/27,I1,17/10/2026,00:00,Juventus,Lazio
2026/27,I1,17/10/2026,00:00,Milan,Atalanta
2026/27,I1,17/10/2026,00:00,Monza,Cagliari
2026/27,I1,17/10/2026,00:00,Parma,Torino
2026/27,I1,17/10/2026,00:00,Roma,Genoa
2026/27,I1,17/10/2026,00:00,Udinese,Lecce
2026/27,I1,17/10/2026,00:00,Venezia,Napoli
2026/27,I1,24/10/2026,00:00,Atalanta,Frosinone
2026/27,I1,24/10/2026,00:00,Cagliari,Bologna
2026/27,I1,24/10/2026,00:00,Como,Sassuolo
2026/27,I1,24/10/2026,00:00,Genoa,Venezia
2026/27,I1,24/10/2026,00:00,Internazionale,Fiorentina
2026/27,I1,24/10/2026,00:00,Lazio,Parma
2026/27,I1,24/10/2026,00:00,Lecce,Juventus
2026/27,I1,24/10/2026,00:00,Napoli,Roma
2026/27,I1,24/10/2026,00:00,Torino,Monza
2026/27,I1,24/10/2026,00:00,Udinese,Milan
2026/27,I1,27/10/2026,00:00,Fiorentina,Atalanta
2026/27,I1,27/10/2026,00:00,Frosinone,Lecce
2026/27,I1,27/10/2026,00:00,Genoa,Juventus
2026/27,I1,27/10/2026,00:00,Milan,Bologna
2026/27,I1,27/10/2026,00:00,Monza,Napoli
2026/27,I1,27/10/2026,00:00,Parma,Udinese
2026/27,I1,27/10/2026,00:00,Roma,Cagliari
2026/27,I1,27/10/2026,00:00,Sassuolo,Lazio
2026/27,I1,27/10/2026,00:00,Torino,Como
2026/27,I1,27/10/2026,00:00,Venezia,Internazionale
2026/27,I1,31/10/2026,00:00,Atalanta,Parma
2026/27,I1,31/10/2026,00:00,Bologna,Monza
2026/27,I1,31/10/2026,00:00,Como,Venezia
2026/27,I1,31/10/2026,00:00,Frosinone,Torino
2026/27,I1,31/10/2026,00:00,Juventus,Napoli
2026/27,I1,31/10/2026,00:00,Lazio,Cagliari
2026/27,I1,31/10/2026,00:00,Lecce,Genoa
2026/27,I1,31/10/2026,00:00,Milan,Internazionale
2026/27,I1,31/10/2026,00:00,Sassuolo,Fiorentina
2026/27,I1,31/10/2026,00:00,Udinese,Roma
2026/27,I1,07/11/2026,00:00,Cagliari,Frosinone
2026/27,I1,07/11/2026,00:00,Fiorentina,Juventus
2026/27,I1,07/11/2026,00:00,Genoa,Milan
2026/27,I1,07/11/2026,00:00,Internazionale,Como
2026/27,I1,07/11/2026,00:00,Monza,Atalanta
2026/27,I1,07/11/2026,00:00,Napoli,Lazio
2026/27,I1,07/11/2026,00:00,Parma,Bologna
2026/27,I1,07/11/2026,00:00,Roma,Sassuolo
2026/27,I1,07/11/2026,00:00,Torino,Lecce
2026/27,I1,07/11/2026,00:00,Venezia,Udinese
2026/27,I1,21/11/2026,00:00,Atalanta,Internazionale
2026/27,I1,21/11/2026,00:00,Bologna,Udinese
2026/27,I1,21/11/2026,00:00,Como,Cagliari
2026/27,I1,21/11/2026,00:00,Juventus,Venezia
2026/27,I1,21/11/2026,00:00,Lazio,Lecce
2026/27,I1,21/11/2026,00:00,Milan,Frosinone
2026/27,I1,21/11/2026,00:00,Monza,Fiorentina
2026/27,I1,21/11/2026,00:00,Napoli,Torino
2026/27,I1,21/11/2026,00:00,Parma,Roma
2026/27,I1,21/11/2026,00:00,Sassuolo,Genoa
2026/27,I1,28/11/2026,00:00,Cagliari,Milan
2026/27,I1,28/11/2026,00:00,Como,Juventus
2026/27,I1,28/11/2026,00:00,Frosinone,Parma
2026/27,I1,28/11/2026,00:00,Internazionale,Genoa
2026/27,I1,28/11/2026,00:00,Lecce,Atalanta
2026/27,I1,28/11/2026,00:00,Roma,Monza
2026/27,I1,28/11/2026,00:00,Sassuolo,Napoli
2026/27,I1,28/11/2026,00:00,Torino,Lazio
2026/27,I1,28/11/2026,00:00,Udinese,Fiorentina
2026/27,I1,28/11/2026,00:00,Venezia,Bologna
2026/27,I1,05/12/2026,00:00,Bologna,Roma
2026/27,I1,05/12/2026,00:00,Fiorentina,Cagliari
2026/27,I1,05/12/2026,00:00,Frosinone,Internazionale
2026/27,I1,05/12/2026,00:00,Genoa,Torino
2026/27,I1,05/12/2026,00:00,Juventus,Udinese
2026/27,I1,05/12/2026,00:00,Lazio,Atalanta
2026/27,I1,05/12/2026,00:00,Milan,Parma
2026/27,I1,05/12/2026,00:00,Monza,Como
2026/27,I1,05/12/2026,00:00,Napoli,Lecce
2026/27,I1,05/12/2026,00:00,Venezia,Sassuolo
2026/27,I1,12/12/2026,00:00,Atalanta,Genoa
2026/27,I1,12/12/2026,00:00,Cagliari,Venezia
2026/27,I1,12/12/2026,00:00,Como,Bologna
2026/27,I1,12/12/2026,00:00,Internazionale,Torino
2026/27,I1,12/12/2026,00:00,Juventus,Monza
2026/27,I1,12/12/2026,00:00,Lazio,Roma
2026/27,I1,12/12/2026,00:00,Lecce,Sassuolo
2026/27,I1,12/12/2026,00:00,Napoli,Milan
2026/27,I1,12/12/2026,00:00,Parma,Fiorentina
2026/27,I1,12/12/2026,00:00,Udinese,Frosinone
2026/27,I1,19/12/2026,00:00,Atalanta,Napoli
2026/27,I1,19/12/2026,00:00,Fiorentina,Bologna
2026/27,I1,19/12/2026,00:00,Frosinone,Lazio
2026/27,I1,19/12/2026,00:00,Genoa,Udinese
2026/27,I1,19/12/2026,00:00,Lecce,Internazionale
2026/27,I1,19/12/2026,00:00,Milan,Como
2026/27,I1,19/12/2026,00:00,Roma,Juventus
2026/27,I1,19/12/2026,00:00,Sassuolo,Parma
2026/27,I1,19/12/2026,00:00,Torino,Cagliari
2026/27,I1,19/12/2026,00:00,Venezia,Monza
2026/27,I1,02/01/2027,00:00,Bologna,Juventus
2026/27,I1,02/01/2027,00:00,Cagliari,Genoa
2026/27,I1,02/01/2027,00:00,Como,Lecce
2026/27,I1,02/01/2027,00:00,Fiorentina,Lazio
2026/27,I1,02/01/2027,00:00,Internazionale,Sassuolo
2026/27,I1,02/01/2027,00:00,Monza,Milan
2026/27,I1,02/01/2027,00:00,Parma,Napoli
2026/27,I1,02/01/2027,00:00,Roma,Frosinone
2026/27,I1,02/01/2027,00:00,Torino,Venezia
2026/27,I1,02/01/2027,00:00,Udinese,Atalanta
2026/27,I1,05/01/2027,00:00,Atalanta,Como
2026/27,I1,05/01/2027,00:00,Frosinone,Bologna
2026/27,I1,05/01/2027,00:00,Genoa,Monza
2026/27,I1,05/01/2027,00:00,Juventus,Torino
2026/27,I1,05/01/2027,00:00,Lazio,Internazionale
2026/27,I1,05/01/2027,00:00,Lecce,Parma
2026/27,I1,05/01/2027,00:00,Milan,Fiorentina
2026/27,I1,05/01/2027,00:00,Napoli,Cagliari
2026/27,I1,05/01/2027,00:00,Sassuolo,Udinese
2026/27,I1,05/01/2027,00:00,Venezia,Roma
2026/27,I1,09/01/2027,00:00,Bologna,Genoa
2026/27,I1,09/01/2027,00:00,Cagliari,Sassuolo
2026/27,I1,09/01/2027,00:00,Como,Lazio
2026/27,I1,09/01/2027,00:00,Fiorentina,Lecce
2026/27,I1,09/01/2027,00:00,Internazionale,Juventus
2026/27,I1,09/01/2027,00:00,Monza,Frosinone
2026/27,I1,09/01/2027,00:00,Parma,Venezia
2026/27,I1,09/01/2027,00:00,Roma,Milan
2026/27,I1,09/01/2027,00:00,Torino,Atalanta
2026/27,I1,09/01/2027,00:00,Udinese,Napoli
2026/27,I1,16/01/2027,00:00,Atalanta,Roma
2026/27,I1,16/01/2027,00:00,Cagliari,Como
2026/27,I1,16/01/2027,00:00,Juventus,Genoa
2026/27,I1,16/01/2027,00:00,Lazio,Bologna
2026/27,I1,16/01/2027,00:00,Lecce,Udinese
2026/27,I1,16/01/2027,00:00,Milan,Torino
2026/27,I1,16/01/2027,00:00,Napoli,Fiorentina
2026/27,I1,16/01/2027,00:00,Parma,Internazionale
2026/27,I1,16/01/2027,00:00,Sassuolo,Monza
2026/27,I1,16/01/2027,00:00,Venezia,Frosinone
2026/27,I1,23/01/2027,00:00,Bologna,Atalanta
2026/27,I1,23/01/2027,00:00,Como,Napoli
2026/27,I1,23/01/2027,00:00,Fiorentina,Sassuolo
2026/27,I1,23/01/2027,00:00,Frosinone,Milan
2026/27,I1,23/01/2027,00:00,Genoa,Parma
2026/27,I1,23/01/2027,00:00,Internazionale,Venezia
2026/27,I1,23/01/2027,00:00,Juventus,Cagliari
2026/27,I1,23/01/2027,00:00,Lecce,Torino
2026/27,I1,23/01/2027,00:00,Monza,Lazio
2026/27,I1,23/01/2027,00:00,Roma,Udinese
2026/27,I1,30/01/2027,00:00,Atalanta,Fiorentina
2026/27,I1,30/01/2027,00:00,Cagliari,Parma
2026/27,I1,30/01/2027,00:00,Genoa,Lecce
2026/27,I1,30/01/2027,00:00,Lazio,Venezia
2026/27,I1,30/01/2027,00:00,Milan,Juventus
2026/27,I1,30/01/2027,00:00,Monza,Roma
2026/27,I1,30/01/2027,00:00,Napoli,Internazionale
2026/27,I1,30/01/2027,00:00,Sassuolo,Como
2026/27,I1,30/01/2027,00:00,Torino,Frosinone
2026/27,I1,30/01/2027,00:00,Udinese,Bologna
2026/27,I1,06/02/2027,00:00,Atalanta,Lazio
2026/27,I1,06/02/2027,00:00,Bologna,Milan
2026/27,I1,06/02/2027,00:00,Como,Monza
2026/27,I1,06/02/2027,00:00,Fiorentina,Udinese
2026/27,I1,06/02/2027,00:00,Internazionale,Cagliari
2026/27,I1,06/02/2027,00:00,Juventus,Sassuolo
2026/27,I1,06/02/2027,00:00,Lecce,Napoli
2026/27,I1,06/02/2027,00:00,Parma,Frosinone
2026/27,I1,06/02/2027,00:00,Roma,Torino
2026/27,I1,06/02/2027,00:00,Venezia,Genoa
2026/27,I1,13/02/2027,00:00,Bologna,Como
2026/27,I1,13/02/2027,00:00,Cagliari,Lazio
2026/27,I1,13/02/2027,00:00,Frosinone,Fiorentina
2026/27,I1,13/02/2027,00:00,Genoa,Atalanta
2026/27,I1,13/02/2027,00:00,Internazionale,Milan
2026/27,I1,13/02/2027,00:00,Monza,Lecce
2026/27,I1,13/02/2027,00:00,Napoli,Juventus
2026/27,I1,13/02/2027,00:00,Roma,Parma
2026/27,I1,13/02/2027,00:00,Torino,Sassuolo
2026/27,I1,13/02/2027,00:00,Udinese,Venezia
2026/27,I1,20/02/2027,00:00,Atalanta,Monza
2026/27,I1,20/02/2027,00:00,Como,Torino
2026/27,I1,20/02/2027,00:00,Fiorentina,Internazionale
2026/27,I1,20/02/2027,00:00,Juventus,Bologna
2026/27,I1,20/02/2027,00:00,Lazio,Napoli
2026/27,I1,20/02/2027,00:00,Lecce,Frosinone
2026/27,I1,20/02/2027,00:00,Milan,Genoa
2026/27,I1,20/02/2027,00:00,Sassuolo,Roma
2026/27,I1,20/02/2027,00:00,Udinese,Parma
2026/27,I1,20/02/2027,00:00,Venezia,Cagliari
2026/27,I1,27/02/2027,00:00,Bologna,Lecce
2026/27,I1,27/02/2027,00:00,Cagliari,Udinese
2026/27,I1,27/02/2027,00:00,Como,Milan
2026/27,I1,27/02/2027,00:00,Frosinone,Napoli
2026/27,I1,27/02/2027,00:00,Genoa,Lazio
2026/27,I1,27/02/2027,00:00,Internazionale,Atalanta
2026/27,I1,27/02/2027,00:00,Monza,Juventus
2026/27,I1,27/02/2027,00:00,Parma,Sassuolo
2026/27,I1,27/02/2027,00:00,Roma,Venezia
2026/27,I1,27/02/2027,00:00,Torino,Fiorentina
2026/27,I1,06/03/2027,00:00,Atalanta,Torino
2026/27,I1,06/03/2027,00:00,Fiorentina,Venezia
2026/27,I1,06/03/2027,00:00,Juventus,Roma
2026/27,I1,06/03/2027,00:00,Lazio,Frosinone
2026/27,I1,06/03/2027,00:00,Lecce,Como
2026/27,I1,06/03/2027,00:00,Milan,Cagliari
2026/27,I1,06/03/2027,00:00,Monza,Genoa
2026/27,I1,06/03/2027,00:00,Napoli,Parma
2026/27,I1,06/03/2027,00:00,Sassuolo,Bologna
2026/27,I1,06/03/2027,00:00,Udinese,Internazionale
2026/27,I1,13/03/2027,00:00,Bologna,Napoli
2026/27,I1,13/03/2027,00:00,Cagliari,Fiorentina
2026/27,I1,13/03/2027,00:00,Como,Udinese
2026/27,I1,13/03/2027,00:00,Frosinone,Monza
2026/27,I1,13/03/2027,00:00,Genoa,Roma
2026/27,I1,13/03/2027,00:00,Lazio,Juventus
2026/27,I1,13/03/2027,00:00,Milan,Sassuolo
2026/27,I1,13/03/2027,00:00,Parma,Lecce
2026/27,I1,13/03/2027,00:00,Torino,Internazionale
2026/27,I1,13/03/2027,00:00,Venezia,Atalanta
2026/27,I1,20/03/2027,00:00,Atalanta,Milan
2026/27,I1,20/03/2027,00:00,Fiorentina,Genoa
2026/27,I1,20/03/2027,00:00,Internazionale,Frosinone
2026/27,I1,20/03/2027,00:00,Juventus,Como
2026/27,I1,20/03/2027,00:00,Monza,Bologna
2026/27,I1,20/03/2027,00:00,Napoli,Venezia
2026/27,I1,20/03/2027,00:00,Parma,Lazio
2026/27,I1,20/03/2027,00:00,Roma,Lecce
2026/27,I1,20/03/2027,00:00,Sassuolo,Cagliari
2026/27,I1,20/03/2027,00:00,Udinese,Torino
2026/27,I1,03/04/2027,00:00,Cagliari,Napoli
2026/27,I1,03/04/2027,00:00,Como,Fiorentina
2026/27,I1,03/04/2027,00:00,Frosinone,Udinese
2026/27,I1,03/04/2027,00:00,Genoa,Internazionale
2026/27,I1,03/04/2027,00:00,Lecce,Lazio
2026/27,I1,03/04/2027,00:00,Milan,Monza
2026/27,I1,03/04/2027,00:00,Roma,Bologna
2026/27,I1,03/04/2027,00:00,Sassuolo,Atalanta
2026/27,I1,03/04/2027,00:00,Torino,Juventus
2026/27,I1,03/04/2027,00:00,Venezia,Parma
2026/27,I1,10/04/2027,00:00,Bologna,Venezia
2026/27,I1,10/04/2027,00:00,Cagliari,Atalanta
2026/27,I1,10/04/2027,00:00,Fiorentina,Milan
2026/27,I1,10/04/2027,00:00,Frosinone,Genoa
2026/27,I1,10/04/2027,00:00,Internazionale,Roma
2026/27,I1,10/04/2027,00:00,Juventus,Lecce
2026/27,I1,10/04/2027,00:00,Lazio,Torino
2026/27,I1,10/04/2027,00:00,Napoli,Sassuolo
2026/27,I1,10/04/2027,00:00,Parma,Como
2026/27,I1,10/04/2027,00:00,Udinese,Monza
2026/27,I1,17/04/2027,00:00,Atalanta,Udinese
2026/27,I1,17/04/2027,00:00,Bologna,Cagliari
2026/27,I1,17/04/2027,00:00,Como,Frosinone
2026/27,I1,17/04/2027,00:00,Fiorentina,Parma
2026/27,I1,17/04/2027,00:00,Milan,Napoli
2026/27,I1,17/04/2027,00:00,Monza,Internazionale
2026/27,I1,17/04/2027,00:00,Roma,Lazio
2026/27,I1,17/04/2027,00:00,Sassuolo,Lecce
2026/27,I1,17/04/2027,00:00,Torino,Genoa
2026/27,I1,17/04/2027,00:00,Venezia,Juventus
2026/27,I1,24/04/2027,00:00,Cagliari,Monza
2026/27,I1,24/04/2027,00:00,Frosinone,Roma
2026/27,I1,24/04/2027,00:00,Genoa,Sassuolo
2026/27,I1,24/04/2027,00:00,Internazionale,Bologna
2026/27,I1,24/04/2027,00:00,Juventus,Fiorentina
2026/27,I1,24/04/2027,00:00,Lazio,Como
2026/27,I1,24/04/2027,00:00,Lecce,Milan
2026/27,I1,24/04/2027,00:00,Napoli,Udinese
2026/27,I1,24/04/2027,00:00,Parma,Atalanta
2026/27,I1,24/04/2027,00:00,Venezia,Torino
2026/27,I1,01/05/2027,00:00,Atalanta,Juventus
2026/27,I1,01/05/2027,00:00,Bologna,Fiorentina
2026/27,I1,01/05/2027,00:00,Como,Internazionale
2026/27,I1,01/05/2027,00:00,Lecce,Cagliari
2026/27,I1,01/05/2027,00:00,Milan,Lazio
2026/27,I1,01/05/2027,00:00,Monza,Venezia
2026/27,I1,01/05/2027,00:00,Roma,Napoli
2026/27,I1,01/05/2027,00:00,Sassuolo,Frosinone
2026/27,I1,01/05/2027,00:00,Torino,Parma
2026/27,I1,01/05/2027,00:00,Udinese,Genoa
2026/27,I1,08/05/2027,00:00,Fiorentina,Roma
2026/27,I1,08/05/2027,00:00,Frosinone,Atalanta
2026/27,I1,08/05/2027,00:00,Genoa,Cagliari
2026/27,I1,08/05/2027,00:00,Internazionale,Lecce
2026/27,I1,08/05/2027,00:00,Lazio,Sassuolo
2026/27,I1,08/05/2027,00:00,Napoli,Monza
2026/27,I1,08/05/2027,00:00,Parma,Milan
2026/27,I1,08/05/2027,00:00,Torino,Bologna
2026/27,I1,08/05/2027,00:00,Udinese,Juventus
2026/27,I1,08/05/2027,00:00,Venezia,Como
2026/27,I1,15/05/2027,00:00,Bologna,Frosinone
2026/27,I1,15/05/2027,00:00,Cagliari,Torino
2026/27,I1,15/05/2027,00:00,Como,Atalanta
2026/27,I1,15/05/2027,00:00,Juventus,Internazionale
2026/27,I1,15/05/2027,00:00,Lazio,Udinese
2026/27,I1,15/05/2027,00:00,Lecce,Fiorentina
2026/27,I1,15/05/2027,00:00,Milan,Roma
2026/27,I1,15/05/2027,00:00,Monza,Parma
2026/27,I1,15/05/2027,00:00,Napoli,Genoa
2026/27,I1,15/05/2027,00:00,Sassuolo,Venezia
2026/27,I1,22/05/2027,00:00,Atalanta,Lecce
2026/27,I1,22/05/2027,00:00,Fiorentina,Monza
2026/27,I1,22/05/2027,00:00,Frosinone,Cagliari
2026/27,I1,22/05/2027,00:00,Genoa,Bologna
2026/27,I1,22/05/2027,00:00,Internazionale,Lazio
2026/27,I1,22/05/2027,00:00,Parma,Juventus
2026/27,I1,22/05/2027,00:00,Roma,Como
2026/27,I1,22/05/2027,00:00,Torino,Napoli
2026/27,I1,22/05/2027,00:00,Udinese,Sassuolo
2026/27,I1,22/05/2027,00:00,Venezia,Milan
2026/27,I1,29/05/2027,00:00,Bologna,Parma
2026/27,I1,29/05/2027,00:00,Cagliari,Roma
2026/27,I1,29/05/2027,00:00,Como,Genoa
2026/27,I1,29/05/2027,00:00,Juventus,Frosinone
2026/27,I1,29/05/2027,00:00,Lazio,Fiorentina
2026/27,I1,29/05/2027,00:00,Lecce,Venezia
2026/27,I1,29/05/2027,00:00,Milan,Udinese
2026/27,I1,29/05/2027,00:00,Monza,Torino
2026/27,I1,29/05/2027,00:00,Napoli,Atalanta
2026/27,I1,29/05/2027,00:00,Sassuolo,Internazionale
2026/27,N1,07/08/2026,18:00,SC Cambuur,Excelsior Rotterdam
2026/27,N1,08/08/2026,14:30,N.E.C. Nijmegen,Telstar
2026/27,N1,08/08/2026,16:45,Go Ahead Eagles,Willem II
2026/27,N1,08/08/2026,18:00,PSV,Fortuna Sittard
2026/27,N1,08/08/2026,19:00,AZ,ADO Den Haag
2026/27,N1,09/08/2026,10:15,Sparta Rotterdam,Feyenoord
2026/27,N1,09/08/2026,12:30,PEC Zwolle,Ajax
2026/27,N1,09/08/2026,12:30,FC Groningen,FC Utrecht
2026/27,N1,09/08/2026,14:45,sc Heerenveen,FC Twente
2026/27,N1,14/08/2026,18:00,Telstar,Sparta Rotterdam
2026/27,N1,15/08/2026,14:30,Willem II,N.E.C. Nijmegen
2026/27,N1,15/08/2026,16:45,FC Utrecht,AZ
2026/27,N1,15/08/2026,18:00,Excelsior Rotterdam,PSV
2026/27,N1,15/08/2026,19:00,Fortuna Sittard,SC Cambuur
2026/27,N1,16/08/2026,10:15,ADO Den Haag,FC Groningen
2026/27,N1,16/08/2026,12:30,FC Twente,PEC Zwolle
2026/27,N1,16/08/2026,12:30,Feyenoord,Go Ahead Eagles
2026/27,N1,16/08/2026,14:45,Ajax,sc Heerenveen
2026/27,N1,22/08/2026,14:30,Fortuna Sittard,AZ
2026/27,N1,22/08/2026,16:45,Sparta Rotterdam,FC Utrecht
2026/27,N1,22/08/2026,18:00,N.E.C. Nijmegen,Excelsior Rotterdam
2026/27,N1,22/08/2026,19:00,sc Heerenveen,PEC Zwolle
2026/27,N1,23/08/2026,10:15,Go Ahead Eagles,ADO Den Haag
2026/27,N1,23/08/2026,12:30,PSV,FC Groningen
2026/27,N1,23/08/2026,14:45,SC Cambuur,Feyenoord
2026/27,N1,09/09/2026,16:45,FC Twente,Telstar
2026/27,N1,15/09/2026,18:00,Ajax,Willem II
2026/27,N1,28/08/2026,18:00,FC Groningen,Fortuna Sittard
2026/27,N1,29/08/2026,14:30,Excelsior Rotterdam,Sparta Rotterdam
2026/27,N1,29/08/2026,16:45,AZ,Go Ahead Eagles
2026/27,N1,29/08/2026,19:00,PEC Zwolle,N.E.C. Nijmegen
2026/27,N1,30/08/2026,10:15,FC Utrecht,PSV
2026/27,N1,30/08/2026,12:30,Feyenoord,ADO Den Haag
2026/27,N1,30/08/2026,12:30,Willem II,sc Heerenveen
2026/27,N1,30/08/2026,14:45,Telstar,Ajax
2026/27,N1,30/08/2026,18:00,SC Cambuur,FC Twente
2026/27,N1,04/09/2026,18:00,Sparta Rotterdam,PEC Zwolle
2026/27,N1,05/09/2026,14:30,N.E.C. Nijmegen,Feyenoord
2026/27,N1,05/09/2026,16:45,FC Utrecht,Go Ahead Eagles
2026/27,N1,05/09/2026,18:00,Ajax,PSV
2026/27,N1,05/09/2026,19:00,Willem II,Excelsior Rotterdam
2026/27,N1,06/09/2026,10:15,FC Groningen,FC Twente
2026/27,N1,06/09/2026,12:30,Telstar,SC Cambuur
2026/27,N1,06/09/2026,12:30,sc Heerenveen,AZ
2026/27,N1,06/09/2026,14:45,ADO Den Haag,Fortuna Sittard
2026/27,N1,11/09/2026,18:00,AZ,Willem II
2026/27,N1,12/09/2026,14:30,FC Twente,ADO Den Haag
2026/27,N1,12/09/2026,16:45,Go Ahead Eagles,FC Groningen
2026/27,N1,12/09/2026,18:00,Fortuna Sittard,Ajax
2026/27,N1,12/09/2026,19:00,sc Heerenveen,Telstar
2026/27,N1,13/09/2026,10:15,Excelsior Rotterdam,FC Utrecht
2026/27,N1,13/09/2026,12:30,SC Cambuur,N.E.C. Nijmegen
2026/27,N1,13/09/2026,12:30,PSV,Sparta Rotterdam
2026/27,N1,13/09/2026,14:45,PEC Zwolle,Feyenoord
2026/27,N1,18/09/2026,18:00,FC Groningen,PEC Zwolle
2026/27,N1,19/09/2026,14:30,ADO Den Haag,SC Cambuur
2026/27,N1,19/09/2026,16:45,Sparta Rotterdam,sc Heerenveen
2026/27,N1,19/09/2026,18:00,Ajax,Excelsior Rotterdam
2026/27,N1,19/09/2026,19:00,Willem II,Fortuna Sittard
2026/27,N1,20/09/2026,10:15,Feyenoord,FC Utrecht
2026/27,N1,20/09/2026,12:30,N.E.C. Nijmegen,Go Ahead Eagles
2026/27,N1,20/09/2026,12:30,AZ,Telstar
2026/27,N1,20/09/2026,14:45,FC Twente,PSV
2026/27,N1,10/10/2026,14:30,PSV,sc Heerenveen
2026/27,N1,10/10/2026,16:45,Feyenoord,AZ
2026/27,N1,10/10/2026,16:45,Go Ahead Eagles,Sparta Rotterdam
2026/27,N1,10/10/2026,19:00,Ajax,N.E.C. Nijmegen
2026/27,N1,10/10/2026,19:00,Fortuna Sittard,FC Twente
2026/27,N1,11/10/2026,10:15,FC Utrecht,Willem II
2026/27,N1,11/10/2026,12:30,PEC Zwolle,SC Cambuur
2026/27,N1,11/10/2026,12:30,Telstar,ADO Den Haag
2026/27,N1,11/10/2026,14:45,Excelsior Rotterdam,FC Groningen
2026/27,N1,16/10/2026,18:00,sc Heerenveen,Excelsior Rotterdam
2026/27,N1,17/10/2026,14:30,ADO Den Haag,PSV
2026/27,N1,17/10/2026,16:45,N.E.C. Nijmegen,Fortuna Sittard
2026/27,N1,17/10/2026,18:00,Telstar,Feyenoord
2026/27,N1,17/10/2026,19:00,Sparta Rotterdam,Willem II
2026/27,N1,18/10/2026,10:15,PEC Zwolle,Go Ahead Eagles
2026/27,N1,18/10/2026,12:30,SC Cambuur,AZ
2026/27,N1,18/10/2026,12:30,FC Twente,FC Utrecht
2026/27,N1,18/10/2026,14:45,FC Groningen,Ajax
2026/27,N1,23/10/2026,18:00,Go Ahead Eagles,Telstar
2026/27,N1,24/10/2026,14:30,FC Utrecht,PEC Zwolle
2026/27,N1,24/10/2026,16:45,Willem II,SC Cambuur
2026/27,N1,24/10/2026,19:00,ADO Den Haag,sc Heerenveen
2026/27,N1,25/10/2026,11:15,Fortuna Sittard,Excelsior Rotterdam
2026/27,N1,25/10/2026,13:30,N.E.C. Nijmegen,FC Groningen
2026/27,N1,25/10/2026,13:30,PSV,Feyenoord
2026/27,N1,25/10/2026,15:45,Sparta Rotterdam,Ajax
2026/27,N1,25/10/2026,19:00,AZ,FC Twente
2026/27,N1,31/10/2026,15:30,Feyenoord,Fortuna Sittard
2026/27,N1,31/10/2026,17:45,sc Heerenveen,N.E.C. Nijmegen
2026/27,N1,31/10/2026,17:45,PSV,Willem II
2026/27,N1,31/10/2026,20:00,Ajax,AZ
2026/27,N1,31/10/2026,20:00,SC Cambuur,Go Ahead Eagles
2026/27,N1,01/11/2026,11:15,PEC Zwolle,ADO Den Haag
2026/27,N1,01/11/2026,13:30,Telstar,FC Utrecht
2026/27,N1,01/11/2026,13:30,Excelsior Rotterdam,FC Twente
2026/27,N1,01/11/2026,15:45,FC Groningen,Sparta Rotterdam
2026/27,N1,06/11/2026,19:00,Willem II,PEC Zwolle
2026/27,N1,07/11/2026,15:30,Fortuna Sittard,Telstar
2026/27,N1,07/11/2026,17:45,ADO Den Haag,Sparta Rotterdam
2026/27,N1,07/11/2026,19:00,SC Cambuur,PSV
2026/27,N1,07/11/2026,20:00,Excelsior Rotterdam,Go Ahead Eagles
2026/27,N1,08/11/2026,11:15,sc Heerenveen,Feyenoord
2026/27,N1,08/11/2026,13:30,FC Utrecht,N.E.C. Nijmegen
2026/27,N1,08/11/2026,13:30,FC Twente,Ajax
2026/27,N1,08/11/2026,15:45,AZ,FC Groningen
2026/27,N1,21/11/2026,00:00,Ajax,ADO Den Haag
2026/27,N1,21/11/2026,00:00,N.E.C. Nijmegen,PSV
2026/27,N1,21/11/2026,00:00,Feyenoord,Excelsior Rotterdam
2026/27,N1,21/11/2026,00:00,Telstar,PEC Zwolle
2026/27,N1,21/11/2026,00:00,FC Groningen,sc Heerenveen
2026/27,N1,21/11/2026,00:00,Go Ahead Eagles,Fortuna Sittard
2026/27,N1,21/11/2026,00:00,Sparta Rotterdam,AZ
2026/27,N1,21/11/2026,00:00,FC Utrecht,SC Cambuur
2026/27,N1,21/11/2026,00:00,FC Twente,Willem II
2026/27,N1,28/11/2026,00:00,PEC Zwolle,AZ
2026/27,N1,28/11/2026,00:00,Fortuna Sittard,sc Heerenveen
2026/27,N1,28/11/2026,00:00,FC Groningen,Willem II
2026/27,N1,28/11/2026,00:00,Excelsior Rotterdam,Telstar
2026/27,N1,28/11/2026,00:00,Feyenoord,Ajax
2026/27,N1,28/11/2026,00:00,N.E.C. Nijmegen,FC Twente
2026/27,N1,28/11/2026,00:00,SC Cambuur,Sparta Rotterdam
2026/27,N1,28/11/2026,00:00,PSV,Go Ahead Eagles
2026/27,N1,28/11/2026,00:00,ADO Den Haag,FC Utrecht
2026/27,N1,05/12/2026,00:00,Ajax,FC Utrecht
2026/27,N1,05/12/2026,00:00,Willem II,Feyenoord
2026/27,N1,05/12/2026,00:00,AZ,PSV
2026/27,N1,05/12/2026,00:00,ADO Den Haag,Excelsior Rotterdam
2026/27,N1,05/12/2026,00:00,Telstar,FC Groningen
2026/27,N1,05/12/2026,00:00,sc Heerenveen,SC Cambuur
2026/27,N1,05/12/2026,00:00,Go Ahead Eagles,FC Twente
2026/27,N1,05/12/2026,00:00,Fortuna Sittard,PEC Zwolle
2026/27,N1,05/12/2026,00:00,Sparta Rotterdam,N.E.C. Nijmegen
2026/27,N1,12/12/2026,00:00,AZ,N.E.C. Nijmegen
2026/27,N1,12/12/2026,00:00,Ajax,SC Cambuur
2026/27,N1,12/12/2026,00:00,Willem II,ADO Den Haag
2026/27,N1,12/12/2026,00:00,PSV,Telstar
2026/27,N1,12/12/2026,00:00,FC Utrecht,Fortuna Sittard
2026/27,N1,12/12/2026,00:00,PEC Zwolle,Excelsior Rotterdam
2026/27,N1,12/12/2026,00:00,sc Heerenveen,Go Ahead Eagles
2026/27,N1,12/12/2026,00:00,FC Twente,Sparta Rotterdam
2026/27,N1,12/12/2026,00:00,FC Groningen,Feyenoord
2026/27,N1,19/12/2026,00:00,Fortuna Sittard,Sparta Rotterdam
2026/27,N1,19/12/2026,00:00,Go Ahead Eagles,Ajax
2026/27,N1,19/12/2026,00:00,SC Cambuur,FC Groningen
2026/27,N1,19/12/2026,00:00,Feyenoord,FC Twente
2026/27,N1,19/12/2026,00:00,FC Utrecht,sc Heerenveen
2026/27,N1,19/12/2026,00:00,PSV,PEC Zwolle
2026/27,N1,19/12/2026,00:00,Telstar,Willem II
2026/27,N1,19/12/2026,00:00,N.E.C. Nijmegen,ADO Den Haag
2026/27,N1,19/12/2026,00:00,Excelsior Rotterdam,AZ
2026/27,N1,08/01/2027,19:00,FC Twente,Fortuna Sittard
2026/27,N1,09/01/2027,15:30,Sparta Rotterdam,Excelsior Rotterdam
2026/27,N1,09/01/2027,17:45,PEC Zwolle,FC Utrecht
2026/27,N1,09/01/2027,19:00,Willem II,Ajax
2026/27,N1,09/01/2027,20:00,AZ,sc Heerenveen
2026/27,N1,10/01/2027,11:15,N.E.C. Nijmegen,SC Cambuur
2026/27,N1,10/01/2027,13:30,ADO Den Haag,Telstar
2026/27,N1,10/01/2027,13:30,Feyenoord,PSV
2026/27,N1,10/01/2027,15:45,FC Groningen,Go Ahead Eagles
2026/27,N1,16/01/2027,00:00,Fortuna Sittard,PSV
2026/27,N1,16/01/2027,00:00,FC Utrecht,FC Twente
2026/27,N1,16/01/2027,00:00,Excelsior Rotterdam,Feyenoord
2026/27,N1,16/01/2027,00:00,Ajax,FC Groningen
2026/27,N1,16/01/2027,00:00,ADO Den Haag,PEC Zwolle
2026/27,N1,16/01/2027,00:00,Go Ahead Eagles,AZ
2026/27,N1,16/01/2027,00:00,sc Heerenveen,Sparta Rotterdam
2026/27,N1,16/01/2027,00:00,Telstar,N.E.C. Nijmegen
2026/27,N1,16/01/2027,00:00,SC Cambuur,Willem II
2026/27,N1,23/01/2027,00:00,Feyenoord,PEC Zwolle
2026/27,N1,23/01/2027,00:00,Go Ahead Eagles,SC Cambuur
2026/27,N1,23/01/2027,00:00,Sparta Rotterdam,FC Groningen
2026/27,N1,23/01/2027,00:00,Excelsior Rotterdam,Fortuna Sittard
2026/27,N1,23/01/2027,00:00,PSV,ADO Den Haag
2026/27,N1,23/01/2027,00:00,Ajax,Telstar
2026/27,N1,23/01/2027,00:00,N.E.C. Nijmegen,Willem II
2026/27,N1,23/01/2027,00:00,AZ,FC Utrecht
2026/27,N1,23/01/2027,00:00,FC Twente,sc Heerenveen
2026/27,N1,30/01/2027,00:00,FC Groningen,N.E.C. Nijmegen
2026/27,N1,30/01/2027,00:00,ADO Den Haag,Go Ahead Eagles
2026/27,N1,30/01/2027,00:00,Sparta Rotterdam,Telstar
2026/27,N1,30/01/2027,00:00,FC Twente,SC Cambuur
2026/27,N1,30/01/2027,00:00,AZ,Feyenoord
2026/27,N1,30/01/2027,00:00,PEC Zwolle,Fortuna Sittard
2026/27,N1,30/01/2027,00:00,Willem II,PSV
2026/27,N1,30/01/2027,00:00,sc Heerenveen,Ajax
2026/27,N1,30/01/2027,00:00,FC Utrecht,Excelsior Rotterdam
2026/27,N1,13/02/2027,00:00,SC Cambuur,FC Utrecht
2026/27,N1,13/02/2027,00:00,Telstar,sc Heerenveen
2026/27,N1,13/02/2027,00:00,PSV,FC Twente
2026/27,N1,13/02/2027,00:00,Feyenoord,N.E.C. Nijmegen
2026/27,N1,13/02/2027,00:00,Willem II,Sparta Rotterdam
2026/27,N1,13/02/2027,00:00,Fortuna Sittard,ADO Den Haag
2026/27,N1,13/02/2027,00:00,FC Groningen,AZ
2026/27,N1,13/02/2027,00:00,Go Ahead Eagles,PEC Zwolle
2026/27,N1,13/02/2027,00:00,Excelsior Rotterdam,Ajax
2026/27,N1,20/02/2027,00:00,Feyenoord,Telstar
2026/27,N1,20/02/2027,00:00,FC Utrecht,ADO Den Haag
2026/27,N1,20/02/2027,00:00,Ajax,Go Ahead Eagles
2026/27,N1,20/02/2027,00:00,PSV,SC Cambuur
2026/27,N1,20/02/2027,00:00,sc Heerenveen,Willem II
2026/27,N1,20/02/2027,00:00,N.E.C. Nijmegen,Sparta Rotterdam
2026/27,N1,20/02/2027,00:00,FC Twente,Excelsior Rotterdam
2026/27,N1,20/02/2027,00:00,AZ,Fortuna Sittard
2026/27,N1,20/02/2027,00:00,PEC Zwolle,FC Groningen
2026/27,N1,27/02/2027,00:00,Ajax,Feyenoord
2026/27,N1,27/02/2027,00:00,Telstar,Go Ahead Eagles
2026/27,N1,27/02/2027,00:00,Sparta Rotterdam,PSV
2026/27,N1,27/02/2027,00:00,SC Cambuur,PEC Zwolle
2026/27,N1,27/02/2027,00:00,Excelsior Rotterdam,sc Heerenveen
2026/27,N1,27/02/2027,00:00,ADO Den Haag,FC Twente
2026/27,N1,27/02/2027,00:00,Willem II,FC Groningen
2026/27,N1,27/02/2027,00:00,N.E.C. Nijmegen,AZ
2026/27,N1,27/02/2027,00:00,Fortuna Sittard,FC Utrecht
2026/27,N1,06/03/2027,00:00,PSV,FC Utrecht
2026/27,N1,06/03/2027,00:00,FC Groningen,Telstar
2026/27,N1,06/03/2027,00:00,ADO Den Haag,Ajax
2026/27,N1,06/03/2027,00:00,PEC Zwolle,Willem II
2026/27,N1,06/03/2027,00:00,Go Ahead Eagles,Excelsior Rotterdam
2026/27,N1,06/03/2027,00:00,Feyenoord,sc Heerenveen
2026/27,N1,06/03/2027,00:00,Sparta Rotterdam,SC Cambuur
2026/27,N1,06/03/2027,00:00,FC Twente,AZ
2026/27,N1,06/03/2027,00:00,Fortuna Sittard,N.E.C. Nijmegen
2026/27,N1,13/03/2027,00:00,Go Ahead Eagles,Feyenoord
2026/27,N1,13/03/2027,00:00,Ajax,PEC Zwolle
2026/27,N1,13/03/2027,00:00,FC Utrecht,FC Groningen
2026/27,N1,13/03/2027,00:00,SC Cambuur,ADO Den Haag
2026/27,N1,13/03/2027,00:00,Telstar,PSV
2026/27,N1,13/03/2027,00:00,Excelsior Rotterdam,N.E.C. Nijmegen
2026/27,N1,13/03/2027,00:00,sc Heerenveen,Fortuna Sittard
2026/27,N1,13/03/2027,00:00,Willem II,FC Twente
2026/27,N1,13/03/2027,00:00,AZ,Sparta Rotterdam
2026/27,N1,20/03/2027,00:00,FC Utrecht,Sparta Rotterdam
2026/27,N1,20/03/2027,00:00,N.E.C. Nijmegen,Ajax
2026/27,N1,20/03/2027,00:00,AZ,Excelsior Rotterdam
2026/27,N1,20/03/2027,00:00,ADO Den Haag,Willem II
2026/27,N1,20/03/2027,00:00,FC Groningen,PSV
2026/27,N1,20/03/2027,00:00,Telstar,Fortuna Sittard
2026/27,N1,20/03/2027,00:00,FC Twente,Go Ahead Eagles
2026/27,N1,20/03/2027,00:00,PEC Zwolle,sc Heerenveen
2026/27,N1,20/03/2027,00:00,Feyenoord,SC Cambuur
2026/27,N1,03/04/2027,00:00,Willem II,FC Utrecht
2026/27,N1,03/04/2027,00:00,Sparta Rotterdam,ADO Den Haag
2026/27,N1,03/04/2027,00:00,Excelsior Rotterdam,PEC Zwolle
2026/27,N1,03/04/2027,00:00,Ajax,FC Twente
2026/27,N1,03/04/2027,00:00,PSV,AZ
2026/27,N1,03/04/2027,00:00,sc Heerenveen,FC Groningen
2026/27,N1,03/04/2027,00:00,Go Ahead Eagles,N.E.C. Nijmegen
2026/27,N1,03/04/2027,00:00,SC Cambuur,Telstar
2026/27,N1,03/04/2027,00:00,Fortuna Sittard,Feyenoord
2026/27,N1,10/04/2027,00:00,FC Groningen,Excelsior Rotterdam
2026/27,N1,10/04/2027,00:00,N.E.C. Nijmegen,sc Heerenveen
2026/27,N1,10/04/2027,00:00,Telstar,FC Twente
2026/27,N1,10/04/2027,00:00,PEC Zwolle,PSV
2026/27,N1,10/04/2027,00:00,Sparta Rotterdam,Go Ahead Eagles
2026/27,N1,10/04/2027,00:00,Willem II,AZ
2026/27,N1,10/04/2027,00:00,SC Cambuur,Fortuna Sittard
2026/27,N1,10/04/2027,00:00,ADO Den Haag,Feyenoord
2026/27,N1,10/04/2027,00:00,FC Utrecht,Ajax
2026/27,N1,24/04/2027,00:00,AZ,SC Cambuur
2026/27,N1,24/04/2027,00:00,FC Twente,N.E.C. Nijmegen
2026/27,N1,24/04/2027,00:00,Excelsior Rotterdam,Willem II
2026/27,N1,24/04/2027,00:00,Go Ahead Eagles,FC Utrecht
2026/27,N1,24/04/2027,00:00,sc Heerenveen,ADO Den Haag
2026/27,N1,24/04/2027,00:00,PSV,Ajax
2026/27,N1,24/04/2027,00:00,PEC Zwolle,Telstar
2026/27,N1,24/04/2027,00:00,Feyenoord,Sparta Rotterdam
2026/27,N1,24/04/2027,00:00,Fortuna Sittard,FC Groningen
2026/27,N1,01/05/2027,00:00,sc Heerenveen,FC Utrecht
2026/27,N1,01/05/2027,00:00,Ajax,Fortuna Sittard
2026/27,N1,01/05/2027,00:00,Sparta Rotterdam,FC Twente
2026/27,N1,01/05/2027,00:00,Telstar,AZ
2026/27,N1,01/05/2027,00:00,FC Groningen,ADO Den Haag
2026/27,N1,01/05/2027,00:00,Feyenoord,Willem II
2026/27,N1,01/05/2027,00:00,N.E.C. Nijmegen,PEC Zwolle
2026/27,N1,01/05/2027,00:00,Go Ahead Eagles,PSV
2026/27,N1,01/05/2027,00:00,Excelsior Rotterdam,SC Cambuur
2026/27,N1,08/05/2027,00:00,AZ,Ajax
2026/27,N1,08/05/2027,00:00,ADO Den Haag,N.E.C. Nijmegen
2026/27,N1,08/05/2027,00:00,PEC Zwolle,Sparta Rotterdam
2026/27,N1,08/05/2027,00:00,FC Twente,FC Groningen
2026/27,N1,08/05/2027,00:00,Willem II,Telstar
2026/27,N1,08/05/2027,00:00,Fortuna Sittard,Go Ahead Eagles
2026/27,N1,08/05/2027,00:00,FC Utrecht,Feyenoord
2026/27,N1,08/05/2027,00:00,SC Cambuur,sc Heerenveen
2026/27,N1,08/05/2027,00:00,PSV,Excelsior Rotterdam
2026/27,N1,16/05/2027,12:30,FC Groningen,SC Cambuur
2026/27,N1,16/05/2027,12:30,FC Utrecht,Telstar
2026/27,N1,16/05/2027,12:30,Excelsior Rotterdam,ADO Den Haag
2026/27,N1,16/05/2027,12:30,Go Ahead Eagles,sc Heerenveen
2026/27,N1,16/05/2027,12:30,FC Twente,Feyenoord
2026/27,N1,16/05/2027,12:30,Ajax,Sparta Rotterdam
2026/27,N1,16/05/2027,12:30,AZ,PEC Zwolle
2026/27,N1,16/05/2027,12:30,PSV,N.E.C. Nijmegen
2026/27,N1,16/05/2027,12:30,Fortuna Sittard,Willem II
2026/27,N1,23/05/2027,12:30,SC Cambuur,Ajax
2026/27,N1,23/05/2027,12:30,N.E.C. Nijmegen,FC Utrecht
2026/27,N1,23/05/2027,12:30,Willem II,Go Ahead Eagles
2026/27,N1,23/05/2027,12:30,Telstar,Excelsior Rotterdam
2026/27,N1,23/05/2027,12:30,sc Heerenveen,PSV
2026/27,N1,23/05/2027,12:30,Sparta Rotterdam,Fortuna Sittard
2026/27,N1,23/05/2027,12:30,PEC Zwolle,FC Twente
2026/27,N1,23/05/2027,12:30,Feyenoord,FC Groningen
2026/27,N1,23/05/2027,12:30,ADO Den Haag,AZ
2026/27,P1,07/08/2026,19:15,Estoril Praia,FC Famalicão
2026/27,P1,08/08/2026,14:30,Marítimo M.,Casa Pia AC
2026/27,P1,08/08/2026,17:00,Vitória SC,FC Arouca
2026/27,P1,08/08/2026,19:30,Estrela Amadora,Sporting CP
2026/27,P1,09/08/2026,17:00,FC Porto,FC Alverca
2026/27,P1,09/08/2026,19:30,Gil Vicente FC,Rio Ave FC
2026/27,P1,09/08/2026,19:30,Moreirense FC,SC Braga
2026/27,P1,09/08/2026,19:30,SL Benfica,Académico
2026/27,P1,10/08/2026,19:15,Santa Clara,CD Nacional
2026/27,P1,14/08/2026,19:15,Sporting CP,Vitória SC
2026/27,P1,15/08/2026,14:30,FC Alverca,Estrela Amadora
2026/27,P1,15/08/2026,17:00,Académico,Santa Clara
2026/27,P1,15/08/2026,19:30,Rio Ave FC,FC Porto
2026/27,P1,16/08/2026,14:30,CD Nacional,Estoril Praia
2026/27,P1,16/08/2026,17:00,FC Arouca,Moreirense FC
2026/27,P1,16/08/2026,19:30,SC Braga,Gil Vicente FC
2026/27,P1,16/08/2026,19:30,FC Famalicão,Marítimo M.
2026/27,P1,17/08/2026,19:15,Casa Pia AC,SL Benfica
2026/27,P1,22/08/2026,14:30,Marítimo M.,Académico
2026/27,P1,22/08/2026,17:00,Estoril Praia,Rio Ave FC
2026/27,P1,22/08/2026,19:30,Sporting CP,FC Alverca
2026/27,P1,23/08/2026,14:30,Vitória SC,CD Nacional
2026/27,P1,23/08/2026,17:00,Santa Clara,FC Famalicão
2026/27,P1,23/08/2026,19:30,FC Porto,FC Arouca
2026/27,P1,24/08/2026,19:15,Gil Vicente FC,Casa Pia AC
2026/27,P1,09/09/2026,19:15,Moreirense FC,SL Benfica
2026/27,P1,10/09/2026,19:15,Estrela Amadora,SC Braga
2026/27,P1,28/08/2026,19:15,Rio Ave FC,Sporting CP
2026/27,P1,29/08/2026,14:30,FC Alverca,Santa Clara
2026/27,P1,29/08/2026,14:30,FC Arouca,Marítimo M.
2026/27,P1,29/08/2026,17:00,Académico,FC Porto
2026/27,P1,30/08/2026,14:30,CD Nacional,Estrela Amadora
2026/27,P1,30/08/2026,17:00,Casa Pia AC,Moreirense FC
2026/27,P1,30/08/2026,19:30,FC Famalicão,Gil Vicente FC
2026/27,P1,31/08/2026,17:45,SL Benfica,Estoril Praia
2026/27,P1,31/08/2026,19:45,SC Braga,Vitória SC
2026/27,P1,05/09/2026,23:00,FC Alverca,SC Braga
2026/27,P1,05/09/2026,23:00,Estrela Amadora,FC Famalicão
2026/27,P1,05/09/2026,23:00,Estoril Praia,FC Arouca
2026/27,P1,05/09/2026,23:00,Gil Vicente FC,Académico
2026/27,P1,05/09/2026,23:00,Marítimo M.,SL Benfica
2026/27,P1,05/09/2026,23:00,FC Porto,Moreirense FC
2026/27,P1,05/09/2026,23:00,Santa Clara,Rio Ave FC
2026/27,P1,05/09/2026,23:00,Sporting CP,CD Nacional
2026/27,P1,05/09/2026,23:00,Vitória SC,Casa Pia AC
2026/27,P1,12/09/2026,23:00,Académico,Vitória SC
2026/27,P1,12/09/2026,23:00,FC Arouca,Santa Clara
2026/27,P1,12/09/2026,23:00,SC Braga,Estoril Praia
2026/27,P1,12/09/2026,23:00,Casa Pia AC,FC Porto
2026/27,P1,12/09/2026,23:00,FC Famalicão,Sporting CP
2026/27,P1,12/09/2026,23:00,Moreirense FC,Marítimo M.
2026/27,P1,12/09/2026,23:00,CD Nacional,FC Alverca
2026/27,P1,12/09/2026,23:00,Rio Ave FC,Estrela Amadora
2026/27,P1,12/09/2026,23:00,SL Benfica,Gil Vicente FC
2026/27,P1,19/09/2026,23:00,FC Alverca,Rio Ave FC
2026/27,P1,19/09/2026,23:00,Estrela Amadora,Académico
2026/27,P1,19/09/2026,23:00,Estoril Praia,Casa Pia AC
2026/27,P1,19/09/2026,23:00,Gil Vicente FC,Marítimo M.
2026/27,P1,19/09/2026,23:00,CD Nacional,FC Famalicão
2026/27,P1,19/09/2026,23:00,FC Porto,SL Benfica
2026/27,P1,19/09/2026,23:00,Santa Clara,SC Braga
2026/27,P1,19/09/2026,23:00,Sporting CP,FC Arouca
2026/27,P1,19/09/2026,23:00,Vitória SC,Moreirense FC
2026/27,P1,10/10/2026,23:00,Académico,Estoril Praia
2026/27,P1,10/10/2026,23:00,FC Arouca,Estrela Amadora
2026/27,P1,10/10/2026,23:00,SC Braga,Sporting CP
2026/27,P1,10/10/2026,23:00,Casa Pia AC,Santa Clara
2026/27,P1,10/10/2026,23:00,FC Famalicão,FC Alverca
2026/27,P1,10/10/2026,23:00,Marítimo M.,FC Porto
2026/27,P1,10/10/2026,23:00,Moreirense FC,Gil Vicente FC
2026/27,P1,10/10/2026,23:00,Rio Ave FC,CD Nacional
2026/27,P1,10/10/2026,23:00,SL Benfica,Vitória SC
2026/27,P1,24/10/2026,23:00,FC Alverca,FC Arouca
2026/27,P1,24/10/2026,23:00,Estrela Amadora,Casa Pia AC
2026/27,P1,24/10/2026,23:00,Estoril Praia,Moreirense FC
2026/27,P1,24/10/2026,23:00,Gil Vicente FC,FC Porto
2026/27,P1,24/10/2026,23:00,CD Nacional,SC Braga
2026/27,P1,24/10/2026,23:00,Rio Ave FC,FC Famalicão
2026/27,P1,24/10/2026,23:00,Santa Clara,SL Benfica
2026/27,P1,24/10/2026,23:00,Sporting CP,Académico
2026/27,P1,24/10/2026,23:00,Vitória SC,Marítimo M.
2026/27,P1,01/11/2026,00:00,Académico,Rio Ave FC
2026/27,P1,01/11/2026,00:00,FC Arouca,CD Nacional
2026/27,P1,01/11/2026,00:00,SC Braga,FC Famalicão
2026/27,P1,01/11/2026,00:00,Casa Pia AC,Sporting CP
2026/27,P1,01/11/2026,00:00,Gil Vicente FC,Vitória SC
2026/27,P1,01/11/2026,00:00,Marítimo M.,Santa Clara
2026/27,P1,01/11/2026,00:00,Moreirense FC,Estrela Amadora
2026/27,P1,01/11/2026,00:00,FC Porto,Estoril Praia
2026/27,P1,01/11/2026,00:00,SL Benfica,FC Alverca
2026/27,P1,08/11/2026,00:00,FC Alverca,Casa Pia AC
2026/27,P1,08/11/2026,00:00,Estrela Amadora,SL Benfica
2026/27,P1,08/11/2026,00:00,Estoril Praia,Marítimo M.
2026/27,P1,08/11/2026,00:00,FC Famalicão,FC Arouca
2026/27,P1,08/11/2026,00:00,CD Nacional,Académico
2026/27,P1,08/11/2026,00:00,Rio Ave FC,SC Braga
2026/27,P1,08/11/2026,00:00,Santa Clara,Gil Vicente FC
2026/27,P1,08/11/2026,00:00,Sporting CP,Moreirense FC
2026/27,P1,08/11/2026,00:00,Vitória SC,FC Porto
2026/27,P1,29/11/2026,00:00,Académico,FC Alverca
2026/27,P1,29/11/2026,00:00,FC Arouca,Rio Ave FC
2026/27,P1,29/11/2026,00:00,Casa Pia AC,SC Braga
2026/27,P1,29/11/2026,00:00,Gil Vicente FC,Estoril Praia
2026/27,P1,29/11/2026,00:00,Marítimo M.,CD Nacional
2026/27,P1,29/11/2026,00:00,Moreirense FC,Santa Clara
2026/27,P1,29/11/2026,00:00,FC Porto,Sporting CP
2026/27,P1,29/11/2026,00:00,SL Benfica,FC Famalicão
2026/27,P1,29/11/2026,00:00,Vitória SC,Estrela Amadora
2026/27,P1,06/12/2026,00:00,FC Alverca,Moreirense FC
2026/27,P1,06/12/2026,00:00,Estrela Amadora,Gil Vicente FC
2026/27,P1,06/12/2026,00:00,SC Braga,FC Arouca
2026/27,P1,06/12/2026,00:00,Estoril Praia,Vitória SC
2026/27,P1,06/12/2026,00:00,FC Famalicão,Académico
2026/27,P1,06/12/2026,00:00,CD Nacional,SL Benfica
2026/27,P1,06/12/2026,00:00,Rio Ave FC,Casa Pia AC
2026/27,P1,06/12/2026,00:00,Santa Clara,FC Porto
2026/27,P1,06/12/2026,00:00,Sporting CP,Marítimo M.
2026/27,P1,13/12/2026,00:00,Académico,FC Arouca
2026/27,P1,13/12/2026,00:00,Casa Pia AC,CD Nacional
2026/27,P1,13/12/2026,00:00,Estoril Praia,Santa Clara
2026/27,P1,13/12/2026,00:00,Gil Vicente FC,Sporting CP
2026/27,P1,13/12/2026,00:00,Marítimo M.,Rio Ave FC
2026/27,P1,13/12/2026,00:00,Moreirense FC,FC Famalicão
2026/27,P1,13/12/2026,00:00,FC Porto,Estrela Amadora
2026/27,P1,13/12/2026,00:00,SL Benfica,SC Braga
2026/27,P1,13/12/2026,00:00,Vitória SC,FC Alverca
2026/27,P1,20/12/2026,00:00,FC Alverca,Gil Vicente FC
2026/27,P1,20/12/2026,00:00,Estrela Amadora,Marítimo M.
2026/27,P1,20/12/2026,00:00,FC Arouca,Casa Pia AC
2026/27,P1,20/12/2026,00:00,SC Braga,Académico
2026/27,P1,20/12/2026,00:00,FC Famalicão,FC Porto
2026/27,P1,20/12/2026,00:00,CD Nacional,Moreirense FC
2026/27,P1,20/12/2026,00:00,Rio Ave FC,SL Benfica
2026/27,P1,20/12/2026,00:00,Santa Clara,Vitória SC
2026/27,P1,20/12/2026,00:00,Sporting CP,Estoril Praia
2026/27,P1,27/12/2026,00:00,Casa Pia AC,FC Famalicão
2026/27,P1,27/12/2026,00:00,Estoril Praia,FC Alverca
2026/27,P1,27/12/2026,00:00,Gil Vicente FC,FC Arouca
2026/27,P1,27/12/2026,00:00,Marítimo M.,SC Braga
2026/27,P1,27/12/2026,00:00,Moreirense FC,Académico
2026/27,P1,27/12/2026,00:00,FC Porto,CD Nacional
2026/27,P1,27/12/2026,00:00,Santa Clara,Estrela Amadora
2026/27,P1,27/12/2026,00:00,SL Benfica,Sporting CP
2026/27,P1,27/12/2026,00:00,Vitória SC,Rio Ave FC
2026/27,P1,10/01/2027,00:00,Académico,Casa Pia AC
2026/27,P1,10/01/2027,00:00,FC Alverca,Marítimo M.
2026/27,P1,10/01/2027,00:00,Estrela Amadora,Estoril Praia
2026/27,P1,10/01/2027,00:00,FC Arouca,SL Benfica
2026/27,P1,10/01/2027,00:00,SC Braga,FC Porto
2026/27,P1,10/01/2027,00:00,FC Famalicão,Vitória SC
2026/27,P1,10/01/2027,00:00,CD Nacional,Gil Vicente FC
2026/27,P1,10/01/2027,00:00,Rio Ave FC,Moreirense FC
2026/27,P1,10/01/2027,00:00,Sporting CP,Santa Clara
2026/27,P1,17/01/2027,00:00,Sporting CP,Estrela Amadora
2026/27,P1,17/01/2027,00:00,FC Famalicão,Estoril Praia
2026/27,P1,17/01/2027,00:00,Rio Ave FC,Gil Vicente FC
2026/27,P1,17/01/2027,00:00,Casa Pia AC,Marítimo M.
2026/27,P1,17/01/2027,00:00,SC Braga,Moreirense FC
2026/27,P1,17/01/2027,00:00,FC Alverca,FC Porto
2026/27,P1,17/01/2027,00:00,CD Nacional,Santa Clara
2026/27,P1,17/01/2027,00:00,Académico,SL Benfica
2026/27,P1,17/01/2027,00:00,FC Arouca,Vitória SC
2026/27,P1,24/01/2027,00:00,Santa Clara,Académico
2026/27,P1,24/01/2027,00:00,Estrela Amadora,FC Alverca
2026/27,P1,24/01/2027,00:00,Moreirense FC,FC Arouca
2026/27,P1,24/01/2027,00:00,Gil Vicente FC,SC Braga
2026/27,P1,24/01/2027,00:00,SL Benfica,Casa Pia AC
2026/27,P1,24/01/2027,00:00,Marítimo M.,FC Famalicão
2026/27,P1,24/01/2027,00:00,Estoril Praia,CD Nacional
2026/27,P1,24/01/2027,00:00,FC Porto,Rio Ave FC
2026/27,P1,24/01/2027,00:00,Vitória SC,Sporting CP
2026/27,P1,31/01/2027,00:00,SC Braga,Estrela Amadora
2026/27,P1,31/01/2027,00:00,Rio Ave FC,Estoril Praia
2026/27,P1,31/01/2027,00:00,Casa Pia AC,Gil Vicente FC
2026/27,P1,31/01/2027,00:00,Académico,Marítimo M.
2026/27,P1,31/01/2027,00:00,SL Benfica,Moreirense FC
2026/27,P1,31/01/2027,00:00,FC Arouca,FC Porto
2026/27,P1,31/01/2027,00:00,FC Famalicão,Santa Clara
2026/27,P1,31/01/2027,00:00,FC Alverca,Sporting CP
2026/27,P1,31/01/2027,00:00,CD Nacional,Vitória SC
2026/27,P1,07/02/2027,00:00,FC Porto,Académico
2026/27,P1,07/02/2027,00:00,Santa Clara,FC Alverca
2026/27,P1,07/02/2027,00:00,Marítimo M.,FC Arouca
2026/27,P1,07/02/2027,00:00,Vitória SC,SC Braga
2026/27,P1,07/02/2027,00:00,Moreirense FC,Casa Pia AC
2026/27,P1,07/02/2027,00:00,Gil Vicente FC,FC Famalicão
2026/27,P1,07/02/2027,00:00,Estrela Amadora,CD Nacional
2026/27,P1,07/02/2027,00:00,Sporting CP,Rio Ave FC
2026/27,P1,07/02/2027,00:00,Estoril Praia,SL Benfica
2026/27,P1,14/02/2027,00:00,SC Braga,FC Alverca
2026/27,P1,14/02/2027,00:00,FC Famalicão,Estrela Amadora
2026/27,P1,14/02/2027,00:00,FC Arouca,Estoril Praia
2026/27,P1,14/02/2027,00:00,Académico,Gil Vicente FC
2026/27,P1,14/02/2027,00:00,SL Benfica,Marítimo M.
2026/27,P1,14/02/2027,00:00,Moreirense FC,FC Porto
2026/27,P1,14/02/2027,00:00,Rio Ave FC,Santa Clara
2026/27,P1,14/02/2027,00:00,CD Nacional,Sporting CP
2026/27,P1,14/02/2027,00:00,Casa Pia AC,Vitória SC
2026/27,P1,21/02/2027,00:00,Vitória SC,Académico
2026/27,P1,21/02/2027,00:00,Santa Clara,FC Arouca
2026/27,P1,21/02/2027,00:00,Estoril Praia,SC Braga
2026/27,P1,21/02/2027,00:00,FC Porto,Casa Pia AC
2026/27,P1,21/02/2027,00:00,Sporting CP,FC Famalicão
2026/27,P1,21/02/2027,00:00,Marítimo M.,Moreirense FC
2026/27,P1,21/02/2027,00:00,FC Alverca,CD Nacional
2026/27,P1,21/02/2027,00:00,Estrela Amadora,Rio Ave FC
2026/27,P1,21/02/2027,00:00,Gil Vicente FC,SL Benfica
2026/27,P1,28/02/2027,00:00,Rio Ave FC,FC Alverca
2026/27,P1,28/02/2027,00:00,Académico,Estrela Amadora
2026/27,P1,28/02/2027,00:00,Casa Pia AC,Estoril Praia
2026/27,P1,28/02/2027,00:00,Marítimo M.,Gil Vicente FC
2026/27,P1,28/02/2027,00:00,FC Famalicão,CD Nacional
2026/27,P1,28/02/2027,00:00,SL Benfica,FC Porto
2026/27,P1,28/02/2027,00:00,SC Braga,Santa Clara
2026/27,P1,28/02/2027,00:00,FC Arouca,Sporting CP
2026/27,P1,28/02/2027,00:00,Moreirense FC,Vitória SC
2026/27,P1,07/03/2027,00:00,Estoril Praia,Académico
2026/27,P1,07/03/2027,00:00,Estrela Amadora,FC Arouca
2026/27,P1,07/03/2027,00:00,Sporting CP,SC Braga
2026/27,P1,07/03/2027,00:00,Santa Clara,Casa Pia AC
2026/27,P1,07/03/2027,00:00,FC Alverca,FC Famalicão
2026/27,P1,07/03/2027,00:00,FC Porto,Marítimo M.
2026/27,P1,07/03/2027,00:00,Gil Vicente FC,Moreirense FC
2026/27,P1,07/03/2027,00:00,CD Nacional,Rio Ave FC
2026/27,P1,07/03/2027,00:00,Vitória SC,SL Benfica
2026/27,P1,14/03/2027,00:00,FC Arouca,FC Alverca
2026/27,P1,14/03/2027,00:00,Casa Pia AC,Estrela Amadora
2026/27,P1,14/03/2027,00:00,Moreirense FC,Estoril Praia
2026/27,P1,14/03/2027,00:00,FC Porto,Gil Vicente FC
2026/27,P1,14/03/2027,00:00,SC Braga,CD Nacional
2026/27,P1,14/03/2027,00:00,FC Famalicão,Rio Ave FC
2026/27,P1,14/03/2027,00:00,SL Benfica,Santa Clara
2026/27,P1,14/03/2027,00:00,Académico,Sporting CP
2026/27,P1,14/03/2027,00:00,Marítimo M.,Vitória SC
2026/27,P1,21/03/2027,00:00,Rio Ave FC,Académico
2026/27,P1,21/03/2027,00:00,CD Nacional,FC Arouca
2026/27,P1,21/03/2027,00:00,FC Famalicão,SC Braga
2026/27,P1,21/03/2027,00:00,Sporting CP,Casa Pia AC
2026/27,P1,21/03/2027,00:00,Vitória SC,Gil Vicente FC
2026/27,P1,21/03/2027,00:00,Santa Clara,Marítimo M.
2026/27,P1,21/03/2027,00:00,Estrela Amadora,Moreirense FC
2026/27,P1,21/03/2027,00:00,Estoril Praia,FC Porto
2026/27,P1,21/03/2027,00:00,FC Alverca,SL Benfica
2026/27,P1,03/04/2027,23:00,Casa Pia AC,FC Alverca
2026/27,P1,03/04/2027,23:00,SL Benfica,Estrela Amadora
2026/27,P1,03/04/2027,23:00,Marítimo M.,Estoril Praia
2026/27,P1,03/04/2027,23:00,FC Arouca,FC Famalicão
2026/27,P1,03/04/2027,23:00,Académico,CD Nacional
2026/27,P1,03/04/2027,23:00,SC Braga,Rio Ave FC
2026/27,P1,03/04/2027,23:00,Gil Vicente FC,Santa Clara
2026/27,P1,03/04/2027,23:00,Moreirense FC,Sporting CP
2026/27,P1,03/04/2027,23:00,FC Porto,Vitória SC
2026/27,P1,10/04/2027,23:00,FC Alverca,Académico
2026/27,P1,10/04/2027,23:00,Rio Ave FC,FC Arouca
2026/27,P1,10/04/2027,23:00,SC Braga,Casa Pia AC
2026/27,P1,10/04/2027,23:00,Estoril Praia,Gil Vicente FC
2026/27,P1,10/04/2027,23:00,CD Nacional,Marítimo M.
2026/27,P1,10/04/2027,23:00,Santa Clara,Moreirense FC
2026/27,P1,10/04/2027,23:00,Sporting CP,FC Porto
2026/27,P1,10/04/2027,23:00,FC Famalicão,SL Benfica
2026/27,P1,10/04/2027,23:00,Estrela Amadora,Vitória SC
2026/27,P1,17/04/2027,23:00,Moreirense FC,FC Alverca
2026/27,P1,17/04/2027,23:00,Gil Vicente FC,Estrela Amadora
2026/27,P1,17/04/2027,23:00,FC Arouca,SC Braga
2026/27,P1,17/04/2027,23:00,Vitória SC,Estoril Praia
2026/27,P1,17/04/2027,23:00,Académico,FC Famalicão
2026/27,P1,17/04/2027,23:00,SL Benfica,CD Nacional
2026/27,P1,17/04/2027,23:00,Casa Pia AC,Rio Ave FC
2026/27,P1,17/04/2027,23:00,FC Porto,Santa Clara
2026/27,P1,17/04/2027,23:00,Marítimo M.,Sporting CP
2026/27,P1,24/04/2027,23:00,FC Arouca,Académico
2026/27,P1,24/04/2027,23:00,CD Nacional,Casa Pia AC
2026/27,P1,24/04/2027,23:00,Santa Clara,Estoril Praia
2026/27,P1,24/04/2027,23:00,Sporting CP,Gil Vicente FC
2026/27,P1,24/04/2027,23:00,Rio Ave FC,Marítimo M.
2026/27,P1,24/04/2027,23:00,FC Famalicão,Moreirense FC
2026/27,P1,24/04/2027,23:00,Estrela Amadora,FC Porto
2026/27,P1,24/04/2027,23:00,SC Braga,SL Benfica
2026/27,P1,24/04/2027,23:00,FC Alverca,Vitória SC
2026/27,P1,01/05/2027,23:00,Gil Vicente FC,FC Alverca
2026/27,P1,01/05/2027,23:00,Marítimo M.,Estrela Amadora
2026/27,P1,01/05/2027,23:00,Casa Pia AC,FC Arouca
2026/27,P1,01/05/2027,23:00,Académico,SC Braga
2026/27,P1,01/05/2027,23:00,FC Porto,FC Famalicão
2026/27,P1,01/05/2027,23:00,Moreirense FC,CD Nacional
2026/27,P1,01/05/2027,23:00,SL Benfica,Rio Ave FC
2026/27,P1,01/05/2027,23:00,Vitória SC,Santa Clara
2026/27,P1,01/05/2027,23:00,Estoril Praia,Sporting CP
2026/27,P1,08/05/2027,23:00,FC Famalicão,Casa Pia AC
2026/27,P1,08/05/2027,23:00,FC Alverca,Estoril Praia
2026/27,P1,08/05/2027,23:00,FC Arouca,Gil Vicente FC
2026/27,P1,08/05/2027,23:00,SC Braga,Marítimo M.
2026/27,P1,08/05/2027,23:00,Académico,Moreirense FC
2026/27,P1,08/05/2027,23:00,CD Nacional,FC Porto
2026/27,P1,08/05/2027,23:00,Estrela Amadora,Santa Clara
2026/27,P1,08/05/2027,23:00,Sporting CP,SL Benfica
2026/27,P1,08/05/2027,23:00,Rio Ave FC,Vitória SC
2026/27,P1,15/05/2027,23:00,Casa Pia AC,Académico
2026/27,P1,15/05/2027,23:00,Marítimo M.,FC Alverca
2026/27,P1,15/05/2027,23:00,Estoril Praia,Estrela Amadora
2026/27,P1,15/05/2027,23:00,SL Benfica,FC Arouca
2026/27,P1,15/05/2027,23:00,FC Porto,SC Braga
2026/27,P1,15/05/2027,23:00,Vitória SC,FC Famalicão
2026/27,P1,15/05/2027,23:00,Gil Vicente FC,CD Nacional
2026/27,P1,15/05/2027,23:00,Moreirense FC,Rio Ave FC
2026/27,P1,15/05/2027,23:00,Santa Clara,Sporting CP
2026/27,SP1,15/08/2026,17:30,Deportivo Alavés,Getafe CF
2026/27,SP1,15/08/2026,19:30,Sevilla FC,Rayo Vallecano
2026/27,SP1,16/08/2026,15:00,R. Racing Club,Villarreal CF
2026/27,SP1,16/08/2026,17:00,RCD Espanyol de Barcelona,Levante UD
2026/27,SP1,16/08/2026,19:30,Celta,CA Osasuna
2026/27,SP1,17/08/2026,19:00,RC Deportivo,Elche CF
2026/27,SP1,19/08/2026,19:00,Atlético de Madrid,Málaga CF
2026/27,SP1,25/08/2026,19:00,Valencia CF,Real Betis
2026/27,SP1,26/08/2026,19:00,Real Madrid,Real Sociedad
2026/27,SP1,27/08/2026,19:00,FC Barcelona,Athletic Club
2026/27,SP1,20/08/2026,19:00,Rayo Vallecano,Deportivo Alavés
2026/27,SP1,21/08/2026,19:00,Real Betis,Real Sociedad
2026/27,SP1,22/08/2026,15:00,Athletic Club,Sevilla FC
2026/27,SP1,22/08/2026,17:30,Valencia CF,Celta
2026/27,SP1,22/08/2026,19:30,RCD Espanyol de Barcelona,Real Madrid
2026/27,SP1,23/08/2026,15:00,Atlético de Madrid,Villarreal CF
2026/27,SP1,23/08/2026,17:30,Getafe CF,R. Racing Club
2026/27,SP1,23/08/2026,19:30,Elche CF,FC Barcelona
2026/27,SP1,24/08/2026,17:30,CA Osasuna,Levante UD
2026/27,SP1,24/08/2026,19:30,Málaga CF,RC Deportivo
2026/27,SP1,28/08/2026,17:00,R. Racing Club,Elche CF
2026/27,SP1,28/08/2026,19:30,Deportivo Alavés,Villarreal CF
2026/27,SP1,29/08/2026,15:00,Levante UD,Real Betis
2026/27,SP1,29/08/2026,17:00,Real Sociedad,RCD Espanyol de Barcelona
2026/27,SP1,29/08/2026,19:30,Sevilla FC,Atlético de Madrid
2026/27,SP1,30/08/2026,15:00,Real Madrid,Málaga CF
2026/27,SP1,30/08/2026,17:30,RC Deportivo,Valencia CF
2026/27,SP1,30/08/2026,19:30,Celta,Athletic Club
2026/27,SP1,31/08/2026,17:30,CA Osasuna,Getafe CF
2026/27,SP1,31/08/2026,19:30,FC Barcelona,Rayo Vallecano
2026/27,SP1,04/09/2026,19:00,Real Betis,Real Madrid
2026/27,SP1,05/09/2026,14:15,Athletic Club,Atlético de Madrid
2026/27,SP1,05/09/2026,16:30,Rayo Vallecano,R. Racing Club
2026/27,SP1,05/09/2026,19:00,Villarreal CF,RC Deportivo
2026/27,SP1,06/09/2026,14:15,Valencia CF,FC Barcelona
2026/27,SP1,06/09/2026,16:30,Deportivo Alavés,CA Osasuna
2026/27,SP1,06/09/2026,16:30,Málaga CF,Levante UD
2026/27,SP1,06/09/2026,19:00,RCD Espanyol de Barcelona,Sevilla FC
2026/27,SP1,07/09/2026,17:00,Getafe CF,Celta
2026/27,SP1,07/09/2026,19:30,Elche CF,Real Sociedad
2026/27,SP1,13/09/2026,00:00,Athletic Club,Elche CF
2026/27,SP1,13/09/2026,00:00,Celta,Málaga CF
2026/27,SP1,13/09/2026,00:00,Getafe CF,RC Deportivo
2026/27,SP1,13/09/2026,00:00,Levante UD,FC Barcelona
2026/27,SP1,13/09/2026,00:00,CA Osasuna,RCD Espanyol de Barcelona
2026/27,SP1,13/09/2026,00:00,R. Racing Club,Deportivo Alavés
2026/27,SP1,13/09/2026,00:00,Real Madrid,Rayo Vallecano
2026/27,SP1,13/09/2026,00:00,Real Sociedad,Atlético de Madrid
2026/27,SP1,13/09/2026,00:00,Sevilla FC,Valencia CF
2026/27,SP1,13/09/2026,00:00,Villarreal CF,Real Betis
2026/27,SP1,03/09/2026,19:00,Real Sociedad,Celta
2026/27,SP1,16/09/2026,00:00,Deportivo Alavés,Valencia CF
2026/27,SP1,16/09/2026,00:00,Atlético de Madrid,CA Osasuna
2026/27,SP1,16/09/2026,00:00,Real Betis,Getafe CF
2026/27,SP1,16/09/2026,00:00,RC Deportivo,Sevilla FC
2026/27,SP1,16/09/2026,00:00,Elche CF,Real Madrid
2026/27,SP1,16/09/2026,00:00,FC Barcelona,R. Racing Club
2026/27,SP1,16/09/2026,00:00,Levante UD,Athletic Club
2026/27,SP1,16/09/2026,00:00,Málaga CF,Villarreal CF
2026/27,SP1,16/09/2026,00:00,Rayo Vallecano,RCD Espanyol de Barcelona
2026/27,SP1,20/09/2026,00:00,Athletic Club,Deportivo Alavés
2026/27,SP1,20/09/2026,00:00,Atlético de Madrid,Real Madrid
2026/27,SP1,20/09/2026,00:00,Celta,R. Racing Club
2026/27,SP1,20/09/2026,00:00,RC Deportivo,Real Betis
2026/27,SP1,20/09/2026,00:00,RCD Espanyol de Barcelona,Elche CF
2026/27,SP1,20/09/2026,00:00,Getafe CF,Málaga CF
2026/27,SP1,20/09/2026,00:00,CA Osasuna,Rayo Vallecano
2026/27,SP1,20/09/2026,00:00,Sevilla FC,FC Barcelona
2026/27,SP1,20/09/2026,00:00,Valencia CF,Real Sociedad
2026/27,SP1,20/09/2026,00:00,Villarreal CF,Levante UD
2026/27,SP1,11/10/2026,00:00,Deportivo Alavés,Atlético de Madrid
2026/27,SP1,11/10/2026,00:00,Real Betis,CA Osasuna
2026/27,SP1,11/10/2026,00:00,Elche CF,Celta
2026/27,SP1,11/10/2026,00:00,FC Barcelona,Getafe CF
2026/27,SP1,11/10/2026,00:00,Levante UD,Sevilla FC
2026/27,SP1,11/10/2026,00:00,Málaga CF,RCD Espanyol de Barcelona
2026/27,SP1,11/10/2026,00:00,R. Racing Club,Valencia CF
2026/27,SP1,11/10/2026,00:00,Rayo Vallecano,Athletic Club
2026/27,SP1,11/10/2026,00:00,Real Madrid,Villarreal CF
2026/27,SP1,11/10/2026,00:00,Real Sociedad,RC Deportivo
2026/27,SP1,18/10/2026,00:00,Real Betis,FC Barcelona
2026/27,SP1,18/10/2026,00:00,Celta,Deportivo Alavés
2026/27,SP1,18/10/2026,00:00,RC Deportivo,Levante UD
2026/27,SP1,18/10/2026,00:00,RCD Espanyol de Barcelona,Atlético de Madrid
2026/27,SP1,18/10/2026,00:00,Getafe CF,Rayo Vallecano
2026/27,SP1,18/10/2026,00:00,Málaga CF,Real Sociedad
2026/27,SP1,18/10/2026,00:00,CA Osasuna,R. Racing Club
2026/27,SP1,18/10/2026,00:00,Real Madrid,Sevilla FC
2026/27,SP1,18/10/2026,00:00,Valencia CF,Athletic Club
2026/27,SP1,18/10/2026,00:00,Villarreal CF,Elche CF
2026/27,SP1,25/10/2026,00:00,Deportivo Alavés,Málaga CF
2026/27,SP1,25/10/2026,00:00,Athletic Club,Getafe CF
2026/27,SP1,25/10/2026,00:00,Atlético de Madrid,RC Deportivo
2026/27,SP1,25/10/2026,00:00,Celta,Real Betis
2026/27,SP1,25/10/2026,00:00,FC Barcelona,Real Madrid
2026/27,SP1,25/10/2026,00:00,R. Racing Club,RCD Espanyol de Barcelona
2026/27,SP1,25/10/2026,00:00,Rayo Vallecano,Elche CF
2026/27,SP1,25/10/2026,00:00,Real Sociedad,Levante UD
2026/27,SP1,25/10/2026,00:00,Sevilla FC,CA Osasuna
2026/27,SP1,25/10/2026,00:00,Valencia CF,Villarreal CF
2026/27,SP1,01/11/2026,00:00,Athletic Club,Real Sociedad
2026/27,SP1,01/11/2026,00:00,Real Betis,Málaga CF
2026/27,SP1,01/11/2026,00:00,RC Deportivo,CA Osasuna
2026/27,SP1,01/11/2026,00:00,Elche CF,Valencia CF
2026/27,SP1,01/11/2026,00:00,FC Barcelona,Deportivo Alavés
2026/27,SP1,01/11/2026,00:00,Getafe CF,Sevilla FC
2026/27,SP1,01/11/2026,00:00,Levante UD,Atlético de Madrid
2026/27,SP1,01/11/2026,00:00,R. Racing Club,Real Madrid
2026/27,SP1,01/11/2026,00:00,Rayo Vallecano,Celta
2026/27,SP1,01/11/2026,00:00,Villarreal CF,RCD Espanyol de Barcelona
2026/27,SP1,08/11/2026,00:00,Atlético de Madrid,FC Barcelona
2026/27,SP1,08/11/2026,00:00,Celta,Levante UD
2026/27,SP1,08/11/2026,00:00,Elche CF,Real Betis
2026/27,SP1,08/11/2026,00:00,RCD Espanyol de Barcelona,RC Deportivo
2026/27,SP1,08/11/2026,00:00,Málaga CF,R. Racing Club
2026/27,SP1,08/11/2026,00:00,CA Osasuna,Athletic Club
2026/27,SP1,08/11/2026,00:00,Real Sociedad,Rayo Vallecano
2026/27,SP1,08/11/2026,00:00,Sevilla FC,Deportivo Alavés
2026/27,SP1,08/11/2026,00:00,Valencia CF,Real Madrid
2026/27,SP1,08/11/2026,00:00,Villarreal CF,Getafe CF
2026/27,SP1,22/11/2026,00:00,Deportivo Alavés,RC Deportivo
2026/27,SP1,22/11/2026,00:00,Athletic Club,RCD Espanyol de Barcelona
2026/27,SP1,22/11/2026,00:00,FC Barcelona,Villarreal CF
2026/27,SP1,22/11/2026,00:00,Getafe CF,Atlético de Madrid
2026/27,SP1,22/11/2026,00:00,Levante UD,Elche CF
2026/27,SP1,22/11/2026,00:00,CA Osasuna,Málaga CF
2026/27,SP1,22/11/2026,00:00,R. Racing Club,Real Sociedad
2026/27,SP1,22/11/2026,00:00,Rayo Vallecano,Valencia CF
2026/27,SP1,22/11/2026,00:00,Real Madrid,Celta
2026/27,SP1,22/11/2026,00:00,Sevilla FC,Real Betis
2026/27,SP1,29/11/2026,00:00,Real Betis,Rayo Vallecano
2026/27,SP1,29/11/2026,00:00,Celta,Villarreal CF
2026/27,SP1,29/11/2026,00:00,RC Deportivo,FC Barcelona
2026/27,SP1,29/11/2026,00:00,Elche CF,Atlético de Madrid
2026/27,SP1,29/11/2026,00:00,RCD Espanyol de Barcelona,Getafe CF
2026/27,SP1,29/11/2026,00:00,Levante UD,R. Racing Club
2026/27,SP1,29/11/2026,00:00,Málaga CF,Athletic Club
2026/27,SP1,29/11/2026,00:00,Real Madrid,Deportivo Alavés
2026/27,SP1,29/11/2026,00:00,Real Sociedad,Sevilla FC
2026/27,SP1,29/11/2026,00:00,Valencia CF,CA Osasuna
2026/27,SP1,06/12/2026,00:00,Deportivo Alavés,RCD Espanyol de Barcelona
2026/27,SP1,06/12/2026,00:00,Athletic Club,Real Madrid
2026/27,SP1,06/12/2026,00:00,Atlético de Madrid,Real Betis
2026/27,SP1,06/12/2026,00:00,FC Barcelona,Celta
2026/27,SP1,06/12/2026,00:00,Getafe CF,Valencia CF
2026/27,SP1,06/12/2026,00:00,CA Osasuna,Elche CF
2026/27,SP1,06/12/2026,00:00,R. Racing Club,RC Deportivo
2026/27,SP1,06/12/2026,00:00,Rayo Vallecano,Levante UD
2026/27,SP1,06/12/2026,00:00,Sevilla FC,Málaga CF
2026/27,SP1,06/12/2026,00:00,Villarreal CF,Real Sociedad
2026/27,SP1,13/12/2026,00:00,Atlético de Madrid,Valencia CF
2026/27,SP1,13/12/2026,00:00,Real Betis,R. Racing Club
2026/27,SP1,13/12/2026,00:00,RC Deportivo,Athletic Club
2026/27,SP1,13/12/2026,00:00,Elche CF,Sevilla FC
2026/27,SP1,13/12/2026,00:00,RCD Espanyol de Barcelona,Celta
2026/27,SP1,13/12/2026,00:00,Levante UD,Deportivo Alavés
2026/27,SP1,13/12/2026,00:00,Málaga CF,FC Barcelona
2026/27,SP1,13/12/2026,00:00,Real Madrid,CA Osasuna
2026/27,SP1,13/12/2026,00:00,Real Sociedad,Getafe CF
2026/27,SP1,13/12/2026,00:00,Villarreal CF,Rayo Vallecano
2026/27,SP1,20/12/2026,00:00,Deportivo Alavés,Elche CF
2026/27,SP1,20/12/2026,00:00,Athletic Club,Real Betis
2026/27,SP1,20/12/2026,00:00,Celta,Atlético de Madrid
2026/27,SP1,20/12/2026,00:00,RC Deportivo,Real Madrid
2026/27,SP1,20/12/2026,00:00,FC Barcelona,Real Sociedad
2026/27,SP1,20/12/2026,00:00,Getafe CF,Levante UD
2026/27,SP1,20/12/2026,00:00,CA Osasuna,Villarreal CF
2026/27,SP1,20/12/2026,00:00,Rayo Vallecano,Málaga CF
2026/27,SP1,20/12/2026,00:00,Sevilla FC,R. Racing Club
2026/27,SP1,20/12/2026,00:00,Valencia CF,RCD Espanyol de Barcelona
2026/27,SP1,03/01/2027,00:00,Real Betis,Deportivo Alavés
2026/27,SP1,03/01/2027,00:00,Celta,RC Deportivo
2026/27,SP1,03/01/2027,00:00,RCD Espanyol de Barcelona,FC Barcelona
2026/27,SP1,03/01/2027,00:00,Levante UD,Valencia CF
2026/27,SP1,03/01/2027,00:00,Málaga CF,Elche CF
2026/27,SP1,03/01/2027,00:00,R. Racing Club,Athletic Club
2026/27,SP1,03/01/2027,00:00,Rayo Vallecano,Atlético de Madrid
2026/27,SP1,03/01/2027,00:00,Real Madrid,Getafe CF
2026/27,SP1,03/01/2027,00:00,Real Sociedad,CA Osasuna
2026/27,SP1,03/01/2027,00:00,Villarreal CF,Sevilla FC
2026/27,SP1,10/01/2027,00:00,Deportivo Alavés,Real Sociedad
2026/27,SP1,10/01/2027,00:00,Athletic Club,Villarreal CF
2026/27,SP1,10/01/2027,00:00,Atlético de Madrid,R. Racing Club
2026/27,SP1,10/01/2027,00:00,RC Deportivo,Rayo Vallecano
2026/27,SP1,10/01/2027,00:00,Elche CF,Getafe CF
2026/27,SP1,10/01/2027,00:00,RCD Espanyol de Barcelona,Real Betis
2026/27,SP1,10/01/2027,00:00,CA Osasuna,FC Barcelona
2026/27,SP1,10/01/2027,00:00,Real Madrid,Levante UD
2026/27,SP1,10/01/2027,00:00,Sevilla FC,Celta
2026/27,SP1,10/01/2027,00:00,Valencia CF,Málaga CF
2026/27,SP1,17/01/2027,00:00,Atlético de Madrid,Real Sociedad
2026/27,SP1,17/01/2027,00:00,Real Betis,RC Deportivo
2026/27,SP1,17/01/2027,00:00,Celta,Valencia CF
2026/27,SP1,17/01/2027,00:00,FC Barcelona,Elche CF
2026/27,SP1,17/01/2027,00:00,Getafe CF,Athletic Club
2026/27,SP1,17/01/2027,00:00,Levante UD,RCD Espanyol de Barcelona
2026/27,SP1,17/01/2027,00:00,Málaga CF,Real Madrid
2026/27,SP1,17/01/2027,00:00,R. Racing Club,CA Osasuna
2026/27,SP1,17/01/2027,00:00,Rayo Vallecano,Sevilla FC
2026/27,SP1,17/01/2027,00:00,Villarreal CF,Deportivo Alavés
2026/27,SP1,24/01/2027,00:00,Deportivo Alavés,FC Barcelona
2026/27,SP1,24/01/2027,00:00,Athletic Club,Levante UD
2026/27,SP1,24/01/2027,00:00,RC Deportivo,Atlético de Madrid
2026/27,SP1,24/01/2027,00:00,Elche CF,Rayo Vallecano
2026/27,SP1,24/01/2027,00:00,RCD Espanyol de Barcelona,Villarreal CF
2026/27,SP1,24/01/2027,00:00,Getafe CF,CA Osasuna
2026/27,SP1,24/01/2027,00:00,R. Racing Club,Celta
2026/27,SP1,24/01/2027,00:00,Real Madrid,Real Betis
2026/27,SP1,24/01/2027,00:00,Real Sociedad,Málaga CF
2026/27,SP1,24/01/2027,00:00,Valencia CF,Sevilla FC
2026/27,SP1,31/01/2027,00:00,Atlético de Madrid,RCD Espanyol de Barcelona
2026/27,SP1,31/01/2027,00:00,Real Betis,Elche CF
2026/27,SP1,31/01/2027,00:00,Celta,Getafe CF
2026/27,SP1,31/01/2027,00:00,FC Barcelona,Valencia CF
2026/27,SP1,31/01/2027,00:00,Levante UD,Real Sociedad
2026/27,SP1,31/01/2027,00:00,Málaga CF,Deportivo Alavés
2026/27,SP1,31/01/2027,00:00,CA Osasuna,RC Deportivo
2026/27,SP1,31/01/2027,00:00,Rayo Vallecano,Real Madrid
2026/27,SP1,31/01/2027,00:00,Sevilla FC,Athletic Club
2026/27,SP1,31/01/2027,00:00,Villarreal CF,R. Racing Club
2026/27,SP1,07/02/2027,00:00,Deportivo Alavés,Celta
2026/27,SP1,07/02/2027,00:00,Athletic Club,CA Osasuna
2026/27,SP1,07/02/2027,00:00,Real Betis,Sevilla FC
2026/27,SP1,07/02/2027,00:00,RC Deportivo,Málaga CF
2026/27,SP1,07/02/2027,00:00,Elche CF,Levante UD
2026/27,SP1,07/02/2027,00:00,RCD Espanyol de Barcelona,Rayo Vallecano
2026/27,SP1,07/02/2027,00:00,FC Barcelona,Atlético de Madrid
2026/27,SP1,07/02/2027,00:00,Getafe CF,Villarreal CF
2026/27,SP1,07/02/2027,00:00,Real Sociedad,Real Madrid
2026/27,SP1,07/02/2027,00:00,Valencia CF,R. Racing Club
2026/27,SP1,14/02/2027,00:00,Celta,Rayo Vallecano
2026/27,SP1,14/02/2027,00:00,Elche CF,RC Deportivo
2026/27,SP1,14/02/2027,00:00,Levante UD,Málaga CF
2026/27,SP1,14/02/2027,00:00,CA Osasuna,Atlético de Madrid
2026/27,SP1,14/02/2027,00:00,R. Racing Club,Getafe CF
2026/27,SP1,14/02/2027,00:00,Real Madrid,Athletic Club
2026/27,SP1,14/02/2027,00:00,Real Sociedad,Real Betis
2026/27,SP1,14/02/2027,00:00,Sevilla FC,RCD Espanyol de Barcelona
2026/27,SP1,14/02/2027,00:00,Valencia CF,Deportivo Alavés
2026/27,SP1,14/02/2027,00:00,Villarreal CF,FC Barcelona
2026/27,SP1,21/02/2027,00:00,Deportivo Alavés,R. Racing Club
2026/27,SP1,21/02/2027,00:00,Athletic Club,Celta
2026/27,SP1,21/02/2027,00:00,Atlético de Madrid,Elche CF
2026/27,SP1,21/02/2027,00:00,RC Deportivo,Real Sociedad
2026/27,SP1,21/02/2027,00:00,RCD Espanyol de Barcelona,CA Osasuna
2026/27,SP1,21/02/2027,00:00,FC Barcelona,Levante UD
2026/27,SP1,21/02/2027,00:00,Málaga CF,Real Betis
2026/27,SP1,21/02/2027,00:00,Rayo Vallecano,Getafe CF
2026/27,SP1,21/02/2027,00:00,Sevilla FC,Real Madrid
2026/27,SP1,21/02/2027,00:00,Villarreal CF,Valencia CF
2026/27,SP1,28/02/2027,00:00,Athletic Club,FC Barcelona
2026/27,SP1,28/02/2027,00:00,Real Betis,Villarreal CF
2026/27,SP1,28/02/2027,00:00,Celta,RCD Espanyol de Barcelona
2026/27,SP1,28/02/2027,00:00,Getafe CF,Deportivo Alavés
2026/27,SP1,28/02/2027,00:00,Levante UD,RC Deportivo
2026/27,SP1,28/02/2027,00:00,Málaga CF,Atlético de Madrid
2026/27,SP1,28/02/2027,00:00,CA Osasuna,Sevilla FC
2026/27,SP1,28/02/2027,00:00,R. Racing Club,Rayo Vallecano
2026/27,SP1,28/02/2027,00:00,Real Madrid,Valencia CF
2026/27,SP1,28/02/2027,00:00,Real Sociedad,Elche CF
2026/27,SP1,07/03/2027,00:00,Deportivo Alavés,Athletic Club
2026/27,SP1,07/03/2027,00:00,Atlético de Madrid,Celta
2026/27,SP1,07/03/2027,00:00,RC Deportivo,Getafe CF
2026/27,SP1,07/03/2027,00:00,Elche CF,Málaga CF
2026/27,SP1,07/03/2027,00:00,RCD Espanyol de Barcelona,R. Racing Club
2026/27,SP1,07/03/2027,00:00,FC Barcelona,Real Betis
2026/27,SP1,07/03/2027,00:00,Rayo Vallecano,CA Osasuna
2026/27,SP1,07/03/2027,00:00,Sevilla FC,Real Sociedad
2026/27,SP1,07/03/2027,00:00,Valencia CF,Levante UD
2026/27,SP1,07/03/2027,00:00,Villarreal CF,Real Madrid
2026/27,SP1,14/03/2027,00:00,Deportivo Alavés,Sevilla FC
2026/27,SP1,14/03/2027,00:00,Athletic Club,Valencia CF
2026/27,SP1,14/03/2027,00:00,Real Betis,Levante UD
2026/27,SP1,14/03/2027,00:00,Elche CF,Villarreal CF
2026/27,SP1,14/03/2027,00:00,FC Barcelona,RC Deportivo
2026/27,SP1,14/03/2027,00:00,Getafe CF,Real Sociedad
2026/27,SP1,14/03/2027,00:00,Málaga CF,Rayo Vallecano
2026/27,SP1,14/03/2027,00:00,CA Osasuna,Celta
2026/27,SP1,14/03/2027,00:00,R. Racing Club,Atlético de Madrid
2026/27,SP1,14/03/2027,00:00,Real Madrid,RCD Espanyol de Barcelona
2026/27,SP1,21/03/2027,00:00,Atlético de Madrid,Getafe CF
2026/27,SP1,21/03/2027,00:00,Celta,Real Madrid
2026/27,SP1,21/03/2027,00:00,RCD Espanyol de Barcelona,Athletic Club
2026/27,SP1,21/03/2027,00:00,Levante UD,CA Osasuna
2026/27,SP1,21/03/2027,00:00,R. Racing Club,Real Betis
2026/27,SP1,21/03/2027,00:00,Rayo Vallecano,FC Barcelona
2026/27,SP1,21/03/2027,00:00,Real Sociedad,Deportivo Alavés
2026/27,SP1,21/03/2027,00:00,Sevilla FC,Elche CF
2026/27,SP1,21/03/2027,00:00,Valencia CF,RC Deportivo
2026/27,SP1,21/03/2027,00:00,Villarreal CF,Málaga CF
2026/27,SP1,04/04/2027,00:00,Athletic Club,R. Racing Club
2026/27,SP1,04/04/2027,00:00,Real Betis,Celta
2026/27,SP1,04/04/2027,00:00,RC Deportivo,Villarreal CF
2026/27,SP1,04/04/2027,00:00,Elche CF,Deportivo Alavés
2026/27,SP1,04/04/2027,00:00,FC Barcelona,Sevilla FC
2026/27,SP1,04/04/2027,00:00,Getafe CF,RCD Espanyol de Barcelona
2026/27,SP1,04/04/2027,00:00,Levante UD,Rayo Vallecano
2026/27,SP1,04/04/2027,00:00,Málaga CF,CA Osasuna
2026/27,SP1,04/04/2027,00:00,Real Madrid,Atlético de Madrid
2026/27,SP1,04/04/2027,00:00,Real Sociedad,Valencia CF
2026/27,SP1,11/04/2027,00:00,Deportivo Alavés,Real Betis
2026/27,SP1,11/04/2027,00:00,Atlético de Madrid,Levante UD
2026/27,SP1,11/04/2027,00:00,Celta,Elche CF
2026/27,SP1,11/04/2027,00:00,RCD Espanyol de Barcelona,Málaga CF
2026/27,SP1,11/04/2027,00:00,CA Osasuna,Real Madrid
2026/27,SP1,11/04/2027,00:00,R. Racing Club,FC Barcelona
2026/27,SP1,11/04/2027,00:00,Rayo Vallecano,Real Sociedad
2026/27,SP1,11/04/2027,00:00,Sevilla FC,RC Deportivo
2026/27,SP1,11/04/2027,00:00,Valencia CF,Getafe CF
2026/27,SP1,11/04/2027,00:00,Villarreal CF,Athletic Club
2026/27,SP1,18/04/2027,00:00,Deportivo Alavés,Rayo Vallecano
2026/27,SP1,18/04/2027,00:00,Atlético de Madrid,Sevilla FC
2026/27,SP1,18/04/2027,00:00,Real Betis,Athletic Club
2026/27,SP1,18/04/2027,00:00,RC Deportivo,Celta
2026/27,SP1,18/04/2027,00:00,Elche CF,CA Osasuna
2026/27,SP1,18/04/2027,00:00,FC Barcelona,RCD Espanyol de Barcelona
2026/27,SP1,18/04/2027,00:00,Getafe CF,Real Madrid
2026/27,SP1,18/04/2027,00:00,Levante UD,Villarreal CF
2026/27,SP1,18/04/2027,00:00,Málaga CF,Valencia CF
2026/27,SP1,18/04/2027,00:00,Real Sociedad,R. Racing Club
2026/27,SP1,21/04/2027,00:00,Athletic Club,RC Deportivo
2026/27,SP1,21/04/2027,00:00,Celta,FC Barcelona
2026/27,SP1,21/04/2027,00:00,RCD Espanyol de Barcelona,Real Sociedad
2026/27,SP1,21/04/2027,00:00,Getafe CF,Real Betis
2026/27,SP1,21/04/2027,00:00,CA Osasuna,Deportivo Alavés
2026/27,SP1,21/04/2027,00:00,R. Racing Club,Málaga CF
2026/27,SP1,21/04/2027,00:00,Real Madrid,Elche CF
2026/27,SP1,21/04/2027,00:00,Sevilla FC,Levante UD
2026/27,SP1,21/04/2027,00:00,Valencia CF,Rayo Vallecano
2026/27,SP1,21/04/2027,00:00,Villarreal CF,Atlético de Madrid
2026/27,SP1,02/05/2027,00:00,Atlético de Madrid,Deportivo Alavés
2026/27,SP1,02/05/2027,00:00,Real Betis,Valencia CF
2026/27,SP1,02/05/2027,00:00,Celta,Sevilla FC
2026/27,SP1,02/05/2027,00:00,RC Deportivo,R. Racing Club
2026/27,SP1,02/05/2027,00:00,Elche CF,RCD Espanyol de Barcelona
2026/27,SP1,02/05/2027,00:00,FC Barcelona,CA Osasuna
2026/27,SP1,02/05/2027,00:00,Levante UD,Real Madrid
2026/27,SP1,02/05/2027,00:00,Málaga CF,Getafe CF
2026/27,SP1,02/05/2027,00:00,Rayo Vallecano,Villarreal CF
2026/27,SP1,02/05/2027,00:00,Real Sociedad,Athletic Club
2026/27,SP1,09/05/2027,00:00,Deportivo Alavés,Levante UD
2026/27,SP1,09/05/2027,00:00,Athletic Club,Málaga CF
2026/27,SP1,09/05/2027,00:00,Real Betis,RCD Espanyol de Barcelona
2026/27,SP1,09/05/2027,00:00,Getafe CF,Elche CF
2026/27,SP1,09/05/2027,00:00,CA Osasuna,Real Sociedad
2026/27,SP1,09/05/2027,00:00,R. Racing Club,Sevilla FC
2026/27,SP1,09/05/2027,00:00,Rayo Vallecano,RC Deportivo
2026/27,SP1,09/05/2027,00:00,Real Madrid,FC Barcelona
2026/27,SP1,09/05/2027,00:00,Valencia CF,Atlético de Madrid
2026/27,SP1,09/05/2027,00:00,Villarreal CF,Celta
2026/27,SP1,16/05/2027,00:00,Atlético de Madrid,Rayo Vallecano
2026/27,SP1,16/05/2027,00:00,RC Deportivo,Deportivo Alavés
2026/27,SP1,16/05/2027,00:00,Elche CF,Athletic Club
2026/27,SP1,16/05/2027,00:00,RCD Espanyol de Barcelona,Valencia CF
2026/27,SP1,16/05/2027,00:00,Levante UD,Getafe CF
2026/27,SP1,16/05/2027,00:00,Málaga CF,Celta
2026/27,SP1,16/05/2027,00:00,CA Osasuna,Real Betis
2026/27,SP1,16/05/2027,00:00,Real Madrid,R. Racing Club
2026/27,SP1,16/05/2027,00:00,Real Sociedad,FC Barcelona
2026/27,SP1,16/05/2027,00:00,Sevilla FC,Villarreal CF
2026/27,SP1,23/05/2027,00:00,Deportivo Alavés,Real Madrid
2026/27,SP1,23/05/2027,00:00,Atlético de Madrid,Athletic Club
2026/27,SP1,23/05/2027,00:00,Celta,Real Sociedad
2026/27,SP1,23/05/2027,00:00,RC Deportivo,RCD Espanyol de Barcelona
2026/27,SP1,23/05/2027,00:00,FC Barcelona,Málaga CF
2026/27,SP1,23/05/2027,00:00,R. Racing Club,Levante UD
2026/27,SP1,23/05/2027,00:00,Rayo Vallecano,Real Betis
2026/27,SP1,23/05/2027,00:00,Sevilla FC,Getafe CF
2026/27,SP1,23/05/2027,00:00,Valencia CF,Elche CF
2026/27,SP1,23/05/2027,00:00,Villarreal CF,CA Osasuna
2026/27,SP1,30/05/2027,00:00,Athletic Club,Rayo Vallecano
2026/27,SP1,30/05/2027,00:00,Real Betis,Atlético de Madrid
2026/27,SP1,30/05/2027,00:00,Elche CF,R. Racing Club
2026/27,SP1,30/05/2027,00:00,RCD Espanyol de Barcelona,Deportivo Alavés
2026/27,SP1,30/05/2027,00:00,Getafe CF,FC Barcelona
2026/27,SP1,30/05/2027,00:00,Levante UD,Celta
2026/27,SP1,30/05/2027,00:00,Málaga CF,Sevilla FC
2026/27,SP1,30/05/2027,00:00,CA Osasuna,Valencia CF
2026/27,SP1,30/05/2027,00:00,Real Madrid,RC Deportivo
2026/27,SP1,30/05/2027,00:00,Real Sociedad,Villarreal CF
2026/27,T1,14/08/2026,21:30,Galatasaray,Çorum
2026/27,T1,15/08/2026,19:00,Kasimpasa,Trabzonspor
2026/27,T1,15/08/2026,19:00,Konyaspor,Çaykur Rizespor
2026/27,T1,15/08/2026,21:30,Gaziantep,Alanyaspor
2026/27,T1,15/08/2026,21:30,Gençlerbirligi,Fenerbahçe
2026/27,T1,16/08/2026,19:00,Istanbul Basaksehir,Kocaelispor
2026/27,T1,16/08/2026,21:30,Amedspor,Erzurumspor
2026/27,T1,16/08/2026,21:30,Besiktas,Eyüpspor
2026/27,T1,17/08/2026,21:30,Samsunspor,Göztepe
2026/27,T1,23/08/2026,00:00,Çorum,Kasimpasa
2026/27,T1,23/08/2026,00:00,Trabzonspor,Istanbul Basaksehir
2026/27,T1,23/08/2026,00:00,Eyüpspor,Gaziantep
2026/27,T1,23/08/2026,00:00,Alanyaspor,Besiktas
2026/27,T1,23/08/2026,00:00,Çaykur Rizespor,Samsunspor
2026/27,T1,23/08/2026,00:00,Göztepe,Gençlerbirligi
2026/27,T1,23/08/2026,00:00,Fenerbahçe,Konyaspor
2026/27,T1,23/08/2026,00:00,Kocaelispor,Amedspor
2026/27,T1,23/08/2026,00:00,Erzurumspor,Galatasaray
2026/27,T1,30/08/2026,00:00,Gaziantep,Çaykur Rizespor
2026/27,T1,30/08/2026,00:00,Eyüpspor,Alanyaspor
2026/27,T1,30/08/2026,00:00,Istanbul Basaksehir,Kasimpasa
2026/27,T1,30/08/2026,00:00,Amedspor,Trabzonspor
2026/27,T1,30/08/2026,00:00,Gençlerbirligi,Erzurumspor
2026/27,T1,30/08/2026,00:00,Konyaspor,Kocaelispor
2026/27,T1,30/08/2026,00:00,Galatasaray,Göztepe
2026/27,T1,30/08/2026,00:00,Besiktas,Çorum
2026/27,T1,30/08/2026,00:00,Samsunspor,Fenerbahçe
2026/27,T1,06/09/2026,00:00,Trabzonspor,Gençlerbirligi
2026/27,T1,06/09/2026,00:00,Kasimpasa,Amedspor
2026/27,T1,06/09/2026,00:00,Istanbul Basaksehir,Galatasaray
2026/27,T1,06/09/2026,00:00,Çaykur Rizespor,Alanyaspor
2026/27,T1,06/09/2026,00:00,Göztepe,Gaziantep
2026/27,T1,06/09/2026,00:00,Çorum,Eyüpspor
2026/27,T1,06/09/2026,00:00,Fenerbahçe,Besiktas
2026/27,T1,06/09/2026,00:00,Kocaelispor,Samsunspor
2026/27,T1,06/09/2026,00:00,Erzurumspor,Konyaspor
2026/27,T1,13/09/2026,00:00,Gaziantep,Fenerbahçe
2026/27,T1,13/09/2026,00:00,Eyüpspor,Çaykur Rizespor
2026/27,T1,13/09/2026,00:00,Alanyaspor,Göztepe
2026/27,T1,13/09/2026,00:00,Amedspor,Istanbul Basaksehir
2026/27,T1,13/09/2026,00:00,Gençlerbirligi,Kasimpasa
2026/27,T1,13/09/2026,00:00,Konyaspor,Trabzonspor
2026/27,T1,13/09/2026,00:00,Galatasaray,Kocaelispor
2026/27,T1,13/09/2026,00:00,Besiktas,Erzurumspor
2026/27,T1,13/09/2026,00:00,Samsunspor,Çorum
2026/27,T1,20/09/2026,00:00,Trabzonspor,Galatasaray
2026/27,T1,20/09/2026,00:00,Kasimpasa,Konyaspor
2026/27,T1,20/09/2026,00:00,Istanbul Basaksehir,Gençlerbirligi
2026/27,T1,20/09/2026,00:00,Amedspor,Besiktas
2026/27,T1,20/09/2026,00:00,Göztepe,Çaykur Rizespor
2026/27,T1,20/09/2026,00:00,Çorum,Alanyaspor
2026/27,T1,20/09/2026,00:00,Fenerbahçe,Eyüpspor
2026/27,T1,20/09/2026,00:00,Kocaelispor,Gaziantep
2026/27,T1,20/09/2026,00:00,Erzurumspor,Samsunspor
2026/27,T1,11/10/2026,00:00,Gaziantep,Çorum
2026/27,T1,11/10/2026,00:00,Eyüpspor,Göztepe
2026/27,T1,11/10/2026,00:00,Alanyaspor,Erzurumspor
2026/27,T1,11/10/2026,00:00,Çaykur Rizespor,Fenerbahçe
2026/27,T1,11/10/2026,00:00,Gençlerbirligi,Amedspor
2026/27,T1,11/10/2026,00:00,Konyaspor,Istanbul Basaksehir
2026/27,T1,11/10/2026,00:00,Galatasaray,Kasimpasa
2026/27,T1,11/10/2026,00:00,Besiktas,Kocaelispor
2026/27,T1,11/10/2026,00:00,Samsunspor,Trabzonspor
2026/27,T1,18/10/2026,00:00,Trabzonspor,Besiktas
2026/27,T1,18/10/2026,00:00,Kasimpasa,Samsunspor
2026/27,T1,18/10/2026,00:00,Istanbul Basaksehir,Gaziantep
2026/27,T1,18/10/2026,00:00,Amedspor,Konyaspor
2026/27,T1,18/10/2026,00:00,Gençlerbirligi,Galatasaray
2026/27,T1,18/10/2026,00:00,Çorum,Çaykur Rizespor
2026/27,T1,18/10/2026,00:00,Fenerbahçe,Alanyaspor
2026/27,T1,18/10/2026,00:00,Kocaelispor,Göztepe
2026/27,T1,18/10/2026,00:00,Erzurumspor,Eyüpspor
2026/27,T1,25/10/2026,00:00,Gaziantep,Erzurumspor
2026/27,T1,25/10/2026,00:00,Eyüpspor,Kasimpasa
2026/27,T1,25/10/2026,00:00,Alanyaspor,Kocaelispor
2026/27,T1,25/10/2026,00:00,Çaykur Rizespor,Trabzonspor
2026/27,T1,25/10/2026,00:00,Göztepe,Çorum
2026/27,T1,25/10/2026,00:00,Konyaspor,Gençlerbirligi
2026/27,T1,25/10/2026,00:00,Galatasaray,Fenerbahçe
2026/27,T1,25/10/2026,00:00,Besiktas,Istanbul Basaksehir
2026/27,T1,25/10/2026,00:00,Samsunspor,Amedspor
2026/27,T1,01/11/2026,00:00,Trabzonspor,Gaziantep
2026/27,T1,01/11/2026,00:00,Kasimpasa,Besiktas
2026/27,T1,01/11/2026,00:00,Istanbul Basaksehir,Samsunspor
2026/27,T1,01/11/2026,00:00,Amedspor,Eyüpspor
2026/27,T1,01/11/2026,00:00,Gençlerbirligi,Alanyaspor
2026/27,T1,01/11/2026,00:00,Konyaspor,Galatasaray
2026/27,T1,01/11/2026,00:00,Fenerbahçe,Göztepe
2026/27,T1,01/11/2026,00:00,Kocaelispor,Çaykur Rizespor
2026/27,T1,01/11/2026,00:00,Erzurumspor,Çorum
2026/27,T1,08/11/2026,00:00,Gaziantep,Kasimpasa
2026/27,T1,08/11/2026,00:00,Eyüpspor,Kocaelispor
2026/27,T1,08/11/2026,00:00,Alanyaspor,Trabzonspor
2026/27,T1,08/11/2026,00:00,Çaykur Rizespor,Erzurumspor
2026/27,T1,08/11/2026,00:00,Göztepe,Istanbul Basaksehir
2026/27,T1,08/11/2026,00:00,Çorum,Fenerbahçe
2026/27,T1,08/11/2026,00:00,Galatasaray,Amedspor
2026/27,T1,08/11/2026,00:00,Besiktas,Gençlerbirligi
2026/27,T1,08/11/2026,00:00,Samsunspor,Konyaspor
2026/27,T1,22/11/2026,00:00,Trabzonspor,Eyüpspor
2026/27,T1,22/11/2026,00:00,Kasimpasa,Alanyaspor
2026/27,T1,22/11/2026,00:00,Istanbul Basaksehir,Çorum
2026/27,T1,22/11/2026,00:00,Amedspor,Çaykur Rizespor
2026/27,T1,22/11/2026,00:00,Gençlerbirligi,Gaziantep
2026/27,T1,22/11/2026,00:00,Konyaspor,Besiktas
2026/27,T1,22/11/2026,00:00,Galatasaray,Samsunspor
2026/27,T1,22/11/2026,00:00,Kocaelispor,Fenerbahçe
2026/27,T1,22/11/2026,00:00,Erzurumspor,Göztepe
2026/27,T1,29/11/2026,00:00,Gaziantep,Amedspor
2026/27,T1,29/11/2026,00:00,Eyüpspor,Istanbul Basaksehir
2026/27,T1,29/11/2026,00:00,Alanyaspor,Konyaspor
2026/27,T1,29/11/2026,00:00,Çaykur Rizespor,Kasimpasa
2026/27,T1,29/11/2026,00:00,Göztepe,Trabzonspor
2026/27,T1,29/11/2026,00:00,Çorum,Kocaelispor
2026/27,T1,29/11/2026,00:00,Fenerbahçe,Erzurumspor
2026/27,T1,29/11/2026,00:00,Besiktas,Galatasaray
2026/27,T1,29/11/2026,00:00,Samsunspor,Gençlerbirligi
2026/27,T1,06/12/2026,00:00,Trabzonspor,Çorum
2026/27,T1,06/12/2026,00:00,Kasimpasa,Göztepe
2026/27,T1,06/12/2026,00:00,Istanbul Basaksehir,Fenerbahçe
2026/27,T1,06/12/2026,00:00,Amedspor,Alanyaspor
2026/27,T1,06/12/2026,00:00,Gençlerbirligi,Eyüpspor
2026/27,T1,06/12/2026,00:00,Konyaspor,Gaziantep
2026/27,T1,06/12/2026,00:00,Galatasaray,Çaykur Rizespor
2026/27,T1,06/12/2026,00:00,Besiktas,Samsunspor
2026/27,T1,06/12/2026,00:00,Erzurumspor,Kocaelispor
2026/27,T1,13/12/2026,00:00,Gaziantep,Besiktas
2026/27,T1,13/12/2026,00:00,Eyüpspor,Galatasaray
2026/27,T1,13/12/2026,00:00,Alanyaspor,Samsunspor
2026/27,T1,13/12/2026,00:00,Çaykur Rizespor,Istanbul Basaksehir
2026/27,T1,13/12/2026,00:00,Göztepe,Konyaspor
2026/27,T1,13/12/2026,00:00,Çorum,Amedspor
2026/27,T1,13/12/2026,00:00,Fenerbahçe,Trabzonspor
2026/27,T1,13/12/2026,00:00,Kocaelispor,Gençlerbirligi
2026/27,T1,13/12/2026,00:00,Erzurumspor,Kasimpasa
2026/27,T1,20/12/2026,00:00,Trabzonspor,Kocaelispor
2026/27,T1,20/12/2026,00:00,Kasimpasa,Fenerbahçe
2026/27,T1,20/12/2026,00:00,Istanbul Basaksehir,Erzurumspor
2026/27,T1,20/12/2026,00:00,Amedspor,Göztepe
2026/27,T1,20/12/2026,00:00,Gençlerbirligi,Çorum
2026/27,T1,20/12/2026,00:00,Konyaspor,Eyüpspor
2026/27,T1,20/12/2026,00:00,Galatasaray,Alanyaspor
2026/27,T1,20/12/2026,00:00,Besiktas,Çaykur Rizespor
2026/27,T1,20/12/2026,00:00,Samsunspor,Gaziantep
2026/27,T1,17/01/2027,00:00,Gaziantep,Galatasaray
2026/27,T1,17/01/2027,00:00,Eyüpspor,Samsunspor
2026/27,T1,17/01/2027,00:00,Alanyaspor,Istanbul Basaksehir
2026/27,T1,17/01/2027,00:00,Çaykur Rizespor,Gençlerbirligi
2026/27,T1,17/01/2027,00:00,Göztepe,Besiktas
2026/27,T1,17/01/2027,00:00,Çorum,Konyaspor
2026/27,T1,17/01/2027,00:00,Fenerbahçe,Amedspor
2026/27,T1,17/01/2027,00:00,Kocaelispor,Kasimpasa
2026/27,T1,17/01/2027,00:00,Erzurumspor,Trabzonspor
2026/27,T1,24/01/2027,00:00,Alanyaspor,Gaziantep
2026/27,T1,24/01/2027,00:00,Trabzonspor,Kasimpasa
2026/27,T1,24/01/2027,00:00,Kocaelispor,Istanbul Basaksehir
2026/27,T1,24/01/2027,00:00,Erzurumspor,Amedspor
2026/27,T1,24/01/2027,00:00,Fenerbahçe,Gençlerbirligi
2026/27,T1,24/01/2027,00:00,Çaykur Rizespor,Konyaspor
2026/27,T1,24/01/2027,00:00,Çorum,Galatasaray
2026/27,T1,24/01/2027,00:00,Eyüpspor,Besiktas
2026/27,T1,24/01/2027,00:00,Göztepe,Samsunspor
2026/27,T1,31/01/2027,00:00,Istanbul Basaksehir,Trabzonspor
2026/27,T1,31/01/2027,00:00,Gaziantep,Eyüpspor
2026/27,T1,31/01/2027,00:00,Besiktas,Alanyaspor
2026/27,T1,31/01/2027,00:00,Samsunspor,Çaykur Rizespor
2026/27,T1,31/01/2027,00:00,Gençlerbirligi,Göztepe
2026/27,T1,31/01/2027,00:00,Kasimpasa,Çorum
2026/27,T1,31/01/2027,00:00,Konyaspor,Fenerbahçe
2026/27,T1,31/01/2027,00:00,Amedspor,Kocaelispor
2026/27,T1,31/01/2027,00:00,Galatasaray,Erzurumspor
2026/27,T1,07/02/2027,00:00,Çaykur Rizespor,Gaziantep
2026/27,T1,07/02/2027,00:00,Alanyaspor,Eyüpspor
2026/27,T1,07/02/2027,00:00,Kasimpasa,Istanbul Basaksehir
2026/27,T1,07/02/2027,00:00,Trabzonspor,Amedspor
2026/27,T1,07/02/2027,00:00,Erzurumspor,Gençlerbirligi
2026/27,T1,07/02/2027,00:00,Kocaelispor,Konyaspor
2026/27,T1,07/02/2027,00:00,Göztepe,Galatasaray
2026/27,T1,07/02/2027,00:00,Çorum,Besiktas
2026/27,T1,07/02/2027,00:00,Fenerbahçe,Samsunspor
2026/27,T1,14/02/2027,00:00,Gençlerbirligi,Trabzonspor
2026/27,T1,14/02/2027,00:00,Amedspor,Kasimpasa
2026/27,T1,14/02/2027,00:00,Galatasaray,Istanbul Basaksehir
2026/27,T1,14/02/2027,00:00,Alanyaspor,Çaykur Rizespor
2026/27,T1,14/02/2027,00:00,Gaziantep,Göztepe
2026/27,T1,14/02/2027,00:00,Eyüpspor,Çorum
2026/27,T1,14/02/2027,00:00,Besiktas,Fenerbahçe
2026/27,T1,14/02/2027,00:00,Samsunspor,Kocaelispor
2026/27,T1,14/02/2027,00:00,Konyaspor,Erzurumspor
2026/27,T1,21/02/2027,00:00,Fenerbahçe,Gaziantep
2026/27,T1,21/02/2027,00:00,Çaykur Rizespor,Eyüpspor
2026/27,T1,21/02/2027,00:00,Göztepe,Alanyaspor
2026/27,T1,21/02/2027,00:00,Istanbul Basaksehir,Amedspor
2026/27,T1,21/02/2027,00:00,Kasimpasa,Gençlerbirligi
2026/27,T1,21/02/2027,00:00,Trabzonspor,Konyaspor
2026/27,T1,21/02/2027,00:00,Kocaelispor,Galatasaray
2026/27,T1,21/02/2027,00:00,Erzurumspor,Besiktas
2026/27,T1,21/02/2027,00:00,Çorum,Samsunspor
2026/27,T1,28/02/2027,00:00,Galatasaray,Trabzonspor
2026/27,T1,28/02/2027,00:00,Konyaspor,Kasimpasa
2026/27,T1,28/02/2027,00:00,Gençlerbirligi,Istanbul Basaksehir
2026/27,T1,28/02/2027,00:00,Besiktas,Amedspor
2026/27,T1,28/02/2027,00:00,Çaykur Rizespor,Göztepe
2026/27,T1,28/02/2027,00:00,Alanyaspor,Çorum
2026/27,T1,28/02/2027,00:00,Eyüpspor,Fenerbahçe
2026/27,T1,28/02/2027,00:00,Gaziantep,Kocaelispor
2026/27,T1,28/02/2027,00:00,Samsunspor,Erzurumspor
2026/27,T1,07/03/2027,00:00,Çorum,Gaziantep
2026/27,T1,07/03/2027,00:00,Göztepe,Eyüpspor
2026/27,T1,07/03/2027,00:00,Erzurumspor,Alanyaspor
2026/27,T1,07/03/2027,00:00,Fenerbahçe,Çaykur Rizespor
2026/27,T1,07/03/2027,00:00,Amedspor,Gençlerbirligi
2026/27,T1,07/03/2027,00:00,Istanbul Basaksehir,Konyaspor
2026/27,T1,07/03/2027,00:00,Kasimpasa,Galatasaray
2026/27,T1,07/03/2027,00:00,Kocaelispor,Besiktas
2026/27,T1,07/03/2027,00:00,Trabzonspor,Samsunspor
2026/27,T1,14/03/2027,00:00,Besiktas,Trabzonspor
2026/27,T1,14/03/2027,00:00,Samsunspor,Kasimpasa
2026/27,T1,14/03/2027,00:00,Gaziantep,Istanbul Basaksehir
2026/27,T1,14/03/2027,00:00,Konyaspor,Amedspor
2026/27,T1,14/03/2027,00:00,Galatasaray,Gençlerbirligi
2026/27,T1,14/03/2027,00:00,Çaykur Rizespor,Çorum
2026/27,T1,14/03/2027,00:00,Alanyaspor,Fenerbahçe
2026/27,T1,14/03/2027,00:00,Göztepe,Kocaelispor
2026/27,T1,14/03/2027,00:00,Eyüpspor,Erzurumspor
2026/27,T1,21/03/2027,00:00,Erzurumspor,Gaziantep
2026/27,T1,21/03/2027,00:00,Kasimpasa,Eyüpspor
2026/27,T1,21/03/2027,00:00,Kocaelispor,Alanyaspor
2026/27,T1,21/03/2027,00:00,Trabzonspor,Çaykur Rizespor
2026/27,T1,21/03/2027,00:00,Çorum,Göztepe
2026/27,T1,21/03/2027,00:00,Gençlerbirligi,Konyaspor
2026/27,T1,21/03/2027,00:00,Fenerbahçe,Galatasaray
2026/27,T1,21/03/2027,00:00,Istanbul Basaksehir,Besiktas
2026/27,T1,21/03/2027,00:00,Amedspor,Samsunspor
2026/27,T1,04/04/2027,00:00,Gaziantep,Trabzonspor
2026/27,T1,04/04/2027,00:00,Besiktas,Kasimpasa
2026/27,T1,04/04/2027,00:00,Samsunspor,Istanbul Basaksehir
2026/27,T1,04/04/2027,00:00,Eyüpspor,Amedspor
2026/27,T1,04/04/2027,00:00,Alanyaspor,Gençlerbirligi
2026/27,T1,04/04/2027,00:00,Galatasaray,Konyaspor
2026/27,T1,04/04/2027,00:00,Göztepe,Fenerbahçe
2026/27,T1,04/04/2027,00:00,Çaykur Rizespor,Kocaelispor
2026/27,T1,04/04/2027,00:00,Çorum,Erzurumspor
2026/27,T1,11/04/2027,00:00,Kasimpasa,Gaziantep
2026/27,T1,11/04/2027,00:00,Kocaelispor,Eyüpspor
2026/27,T1,11/04/2027,00:00,Trabzonspor,Alanyaspor
2026/27,T1,11/04/2027,00:00,Erzurumspor,Çaykur Rizespor
2026/27,T1,11/04/2027,00:00,Istanbul Basaksehir,Göztepe
2026/27,T1,11/04/2027,00:00,Fenerbahçe,Çorum
2026/27,T1,11/04/2027,00:00,Amedspor,Galatasaray
2026/27,T1,11/04/2027,00:00,Gençlerbirligi,Besiktas
2026/27,T1,11/04/2027,00:00,Konyaspor,Samsunspor
2026/27,T1,18/04/2027,00:00,Eyüpspor,Trabzonspor
2026/27,T1,18/04/2027,00:00,Alanyaspor,Kasimpasa
2026/27,T1,18/04/2027,00:00,Çorum,Istanbul Basaksehir
2026/27,T1,18/04/2027,00:00,Çaykur Rizespor,Amedspor
2026/27,T1,18/04/2027,00:00,Gaziantep,Gençlerbirligi
2026/27,T1,18/04/2027,00:00,Besiktas,Konyaspor
2026/27,T1,18/04/2027,00:00,Samsunspor,Galatasaray
2026/27,T1,18/04/2027,00:00,Fenerbahçe,Kocaelispor
2026/27,T1,18/04/2027,00:00,Göztepe,Erzurumspor
2026/27,T1,25/04/2027,00:00,Amedspor,Gaziantep
2026/27,T1,25/04/2027,00:00,Istanbul Basaksehir,Eyüpspor
2026/27,T1,25/04/2027,00:00,Konyaspor,Alanyaspor
2026/27,T1,25/04/2027,00:00,Kasimpasa,Çaykur Rizespor
2026/27,T1,25/04/2027,00:00,Trabzonspor,Göztepe
2026/27,T1,25/04/2027,00:00,Kocaelispor,Çorum
2026/27,T1,25/04/2027,00:00,Erzurumspor,Fenerbahçe
2026/27,T1,25/04/2027,00:00,Galatasaray,Besiktas
2026/27,T1,25/04/2027,00:00,Gençlerbirligi,Samsunspor
2026/27,T1,02/05/2027,00:00,Çorum,Trabzonspor
2026/27,T1,02/05/2027,00:00,Göztepe,Kasimpasa
2026/27,T1,02/05/2027,00:00,Fenerbahçe,Istanbul Basaksehir
2026/27,T1,02/05/2027,00:00,Alanyaspor,Amedspor
2026/27,T1,02/05/2027,00:00,Eyüpspor,Gençlerbirligi
2026/27,T1,02/05/2027,00:00,Gaziantep,Konyaspor
2026/27,T1,02/05/2027,00:00,Çaykur Rizespor,Galatasaray
2026/27,T1,02/05/2027,00:00,Samsunspor,Besiktas
2026/27,T1,02/05/2027,00:00,Kocaelispor,Erzurumspor
2026/27,T1,09/05/2027,00:00,Besiktas,Gaziantep
2026/27,T1,09/05/2027,00:00,Galatasaray,Eyüpspor
2026/27,T1,09/05/2027,00:00,Samsunspor,Alanyaspor
2026/27,T1,09/05/2027,00:00,Istanbul Basaksehir,Çaykur Rizespor
2026/27,T1,09/05/2027,00:00,Konyaspor,Göztepe
2026/27,T1,09/05/2027,00:00,Amedspor,Çorum
2026/27,T1,09/05/2027,00:00,Trabzonspor,Fenerbahçe
2026/27,T1,09/05/2027,00:00,Gençlerbirligi,Kocaelispor
2026/27,T1,09/05/2027,00:00,Kasimpasa,Erzurumspor
2026/27,T1,16/05/2027,00:00,Kocaelispor,Trabzonspor
2026/27,T1,16/05/2027,00:00,Fenerbahçe,Kasimpasa
2026/27,T1,16/05/2027,00:00,Erzurumspor,Istanbul Basaksehir
2026/27,T1,16/05/2027,00:00,Göztepe,Amedspor
2026/27,T1,16/05/2027,00:00,Çorum,Gençlerbirligi
2026/27,T1,16/05/2027,00:00,Eyüpspor,Konyaspor
2026/27,T1,16/05/2027,00:00,Alanyaspor,Galatasaray
2026/27,T1,16/05/2027,00:00,Çaykur Rizespor,Besiktas
2026/27,T1,16/05/2027,00:00,Gaziantep,Samsunspor
2026/27,T1,23/05/2027,00:00,Galatasaray,Gaziantep
2026/27,T1,23/05/2027,00:00,Samsunspor,Eyüpspor
2026/27,T1,23/05/2027,00:00,Istanbul Basaksehir,Alanyaspor
2026/27,T1,23/05/2027,00:00,Gençlerbirligi,Çaykur Rizespor
2026/27,T1,23/05/2027,00:00,Besiktas,Göztepe
2026/27,T1,23/05/2027,00:00,Konyaspor,Çorum
2026/27,T1,23/05/2027,00:00,Amedspor,Fenerbahçe
2026/27,T1,23/05/2027,00:00,Kasimpasa,Kocaelispor
2026/27,T1,23/05/2027,00:00,Trabzonspor,Erzurumspor
